#
# There is insufficient memory for the Java Runtime Environment to continue.
# Native memory allocation (malloc) failed to allocate 1759312 bytes. Error detail: Chunk::new
# Possible reasons:
#   The system is out of physical RAM or swap space
#   This process is running with CompressedOops enabled, and the Java Heap may be blocking the growth of the native heap
# Possible solutions:
#   Reduce memory load on the system
#   Increase physical memory or swap space
#   Check if swap backing store is full
#   Decrease Java heap size (-Xmx/-Xms)
#   Decrease number of Java threads
#   Decrease Java thread stack sizes (-Xss)
#   Set larger code cache with -XX:ReservedCodeCacheSize=
#   JVM is running with Unscaled Compressed Oops mode in which the Java heap is
#     placed in the first 4GB address space. The Java Heap base address is the
#     maximum limit for the native heap growth. Please use -XX:HeapBaseMinAddress
#     to set the Java Heap base and to place the Java Heap above 4GB virtual address.
# This output file may be truncated or incomplete.
#
#  Out of Memory Error (arena.cpp:168), pid=26616, tid=26644
#
# JRE version: OpenJDK Runtime Environment (21.0.5) (build 21.0.5+-12932927-b750.29)
# Java VM: OpenJDK 64-Bit Server VM (21.0.5+-12932927-b750.29, mixed mode, tiered, compressed oops, compressed class ptrs, g1 gc, windows-amd64)
# No core dump will be written. Minidumps are not enabled by default on client versions of Windows
#

---------------  S U M M A R Y ------------

Command Line: --add-opens=java.base/java.util=ALL-UNNAMED --add-opens=java.base/java.lang=ALL-UNNAMED --add-opens=java.base/java.lang.invoke=ALL-UNNAMED --add-opens=java.prefs/java.util.prefs=ALL-UNNAMED --add-exports=jdk.compiler/com.sun.tools.javac.api=ALL-UNNAMED --add-exports=jdk.compiler/com.sun.tools.javac.util=ALL-UNNAMED --add-opens=java.base/java.nio.charset=ALL-UNNAMED --add-opens=java.base/java.net=ALL-UNNAMED --add-opens=java.base/java.util.concurrent.atomic=ALL-UNNAMED -Xmx2048m -Dfile.encoding=UTF-8 -Duser.country=FR -Duser.language=fr -Duser.variant -javaagent:C:\Users\niko_\.gradle\wrapper\dists\gradle-8.10.2-bin\a04bxjujx95o3nb99gddekhwo\gradle-8.10.2\lib\agents\gradle-instrumentation-agent-8.10.2.jar org.gradle.launcher.daemon.bootstrap.GradleDaemon 8.10.2

Host: AMD Ryzen 5 5500U with Radeon Graphics         , 12 cores, 19G,  Windows 11 , 64 bit Build 26100 (10.0.26100.7920)
Time: Sat Apr 18 16:11:43 2026 Paris, Madrid (heure duild 26100 (10.0.26100.7920) elapsed time: 39.855433 seconds (0d 0h 0m 39s)

---------------  T H R E A D  ---------------

Current thread (0x0000019653e3d790):  JavaThread "C2 CompilerThread2" daemon [_thread_in_native, id=26644, stack(0x00000088fc500000,0x00000088fc600000) (1024K)]


Current CompileTask:
C2:39855 13900       4       org.gradle.internal.serialize.HierarchicalNameSerializer::writeName (88 bytes)

Stack: [0x00000088fc500000,0x00000088fc600000]
Native frames: (J=compiled Java code, j=interpreted, Vv=VM code, C=native code)
V  [jvm.dll+0x6cfb29]
V  [jvm.dll+0x85ded3]
V  [jvm.dll+0x86042e]
V  [jvm.dll+0x860b13]
V  [jvm.dll+0x27e6b6]
V  [jvm.dll+0xbff6d]
V  [jvm.dll+0xc04a3]
V  [jvm.dll+0x3b5ffb]
V  [jvm.dll+0x381f97]
V  [jvm.dll+0x38140a]
V  [jvm.dll+0x247c62]
V  [jvm.dll+0x247231]
V  [jvm.dll+0x1c5ee4]
V  [jvm.dll+0x25697c]
V  [jvm.dll+0x254ec6]
V  [jvm.dll+0x3f0ce6]
V  [jvm.dll+0x806368]
V  [jvm.dll+0x6ce3fd]
C  [ucrtbase.dll+0x37b0]
C  [KERNEL32.DLL+0x2e8d7]
C  [ntdll.dll+0x8c48c]


---------------  P R O C E S S  ---------------

Threads class SMR info:
_java_thread_list=0x00000196561b3040, length=90, elements={
0x000001963138c440, 0x000001964aff0370, 0x000001964aff3940, 0x000001964aff6800,
0x000001964b007640, 0x000001964b008810, 0x000001964b012190, 0x000001964b013750,
0x000001964b01cd60, 0x000001964af30090, 0x000001964b6cf980, 0x000001965126ba20,
0x000001965144d190, 0x000001965144b980, 0x000001965162e930, 0x00000196513fe5d0,
0x00000196513d6540, 0x00000196513d73b0, 0x00000196513e1000, 0x00000196515a9e20,
0x00000196515a9100, 0x00000196515a7d50, 0x00000196515a83e0, 0x00000196515a8a70,
0x00000196515aa4b0, 0x00000196515a9790, 0x00000196515a76c0, 0x000001965187b4e0,
0x000001965187d5b0, 0x000001965187c200, 0x000001965187a7c0, 0x000001965187e2d0,
0x000001965187bb70, 0x000001965187ae50, 0x000001965187dc40, 0x000001965187cf20,
0x000001965187e960, 0x000001965187f680, 0x000001965187eff0, 0x000001965187fd10,
0x000001965187c890, 0x00000196518803a0, 0x0000019651880a30, 0x00000196518810c0,
0x0000019652715a30, 0x0000019652713ff0, 0x00000196527160c0, 0x00000196527153a0,
0x0000019652717470, 0x0000019652717b00, 0x0000019652714d10, 0x0000019652718820,
0x0000019652718eb0, 0x0000019652719540, 0x0000019652718190, 0x0000019652719bd0,
0x000001965271a260, 0x000001965271a8f0, 0x000001965271af80, 0x000001965619fdb0,
0x00000196561a17f0, 0x00000196561a1e80, 0x000001965619f720, 0x00000196561a0440,
0x00000196561a0ad0, 0x00000196568eb4a0, 0x000001965661bbd0, 0x0000019656619470,
0x000001965661a190, 0x000001965661b540, 0x0000019656618de0, 0x000001965661f6e0,
0x000001965661fd70, 0x000001965661e330, 0x000001965661e9c0, 0x000001965661f050,
0x000001965661c8f0, 0x0000019656620400, 0x000001965661cf80, 0x000001965661d610,
0x000001965661dca0, 0x000001965671dd90, 0x00000196567218a0, 0x0000019656720b80,
0x000001965671eab0, 0x00000196567204f0, 0x0000019656721210, 0x000001965671f140,
0x0000019653e3c9f0, 0x0000019653e3d790
}

Java Threads: ( => current thread )
  0x000001963138c440 JavaThread "main"                              [_thread_blocked, id=27040, stack(0x00000088f5900000,0x00000088f5a00000) (1024K)]
  0x000001964aff0370 JavaThread "Reference Handler"          daemon [_thread_blocked, id=27344, stack(0x00000088f6100000,0x00000088f6200000) (1024K)]
  0x000001964aff3940 JavaThread "Finalizer"                  daemon [_thread_blocked, id=11900, stack(0x00000088f6200000,0x00000088f6300000) (1024K)]
  0x000001964aff6800 JavaThread "Signal Dispatcher"          daemon [_thread_blocked, id=27112, stack(0x00000088f6300000,0x00000088f6400000) (1024K)]
  0x000001964b007640 JavaThread "Attach Listener"            daemon [_thread_blocked, id=17808, stack(0x00000088f6400000,0x00000088f6500000) (1024K)]
  0x000001964b008810 JavaThread "Service Thread"             daemon [_thread_blocked, id=12392, stack(0x00000088f6500000,0x00000088f6600000) (1024K)]
  0x000001964b012190 JavaThread "Monitor Deflation Thread"   daemon [_thread_blocked, id=23572, stack(0x00000088f6600000,0x00000088f6700000) (1024K)]
  0x000001964b013750 JavaThread "C2 CompilerThread0"         daemon [_thread_in_native, id=2628, stack(0x00000088f6700000,0x00000088f6800000) (1024K)]
  0x000001964b01cd60 JavaThread "C1 CompilerThread0"         daemon [_thread_blocked, id=19748, stack(0x00000088f6800000,0x00000088f6900000) (1024K)]
  0x000001964af30090 JavaThread "Common-Cleaner"             daemon [_thread_blocked, id=32508, stack(0x00000088f6900000,0x00000088f6a00000) (1024K)]
  0x000001964b6cf980 JavaThread "Notification Thread"        daemon [_thread_blocked, id=27944, stack(0x00000088f6a00000,0x00000088f6b00000) (1024K)]
  0x000001965126ba20 JavaThread "Daemon health stats"               [_thread_blocked, id=23076, stack(0x00000088f6b00000,0x00000088f6c00000) (1024K)]
  0x000001965144d190 JavaThread "Incoming local TCP Connector on port 65313"        [_thread_in_native, id=19060, stack(0x00000088f7300000,0x00000088f7400000) (1024K)]
  0x000001965144b980 JavaThread "Daemon periodic checks"            [_thread_blocked, id=19512, stack(0x00000088f7400000,0x00000088f7500000) (1024K)]
  0x000001965162e930 JavaThread "Daemon"                            [_thread_blocked, id=25628, stack(0x00000088f7500000,0x00000088f7600000) (1024K)]
  0x00000196513fe5d0 JavaThread "Handler for socket connection from /127.0.0.1:65313 to /127.0.0.1:65314"        [_thread_in_native, id=24300, stack(0x00000088f7600000,0x00000088f7700000) (1024K)]
  0x00000196513d6540 JavaThread "Cancel handler"                    [_thread_blocked, id=2420, stack(0x00000088f7700000,0x00000088f7800000) (1024K)]
  0x00000196513d73b0 JavaThread "Daemon worker"                     [_thread_in_Java, id=27328, stack(0x00000088f7800000,0x00000088f7900000) (1024K)]
  0x00000196513e1000 JavaThread "Asynchronous log dispatcher for DefaultDaemonConnection: socket connection from /127.0.0.1:65313 to /127.0.0.1:65314"        [_thread_blocked, id=27044, stack(0x00000088f7900000,0x00000088f7a00000) (1024K)]
  0x00000196515a9e20 JavaThread "Stdin handler"                     [_thread_blocked, id=2788, stack(0x00000088f7a00000,0x00000088f7b00000) (1024K)]
  0x00000196515a9100 JavaThread "Daemon client event forwarder"        [_thread_blocked, id=9380, stack(0x00000088f7b00000,0x00000088f7c00000) (1024K)]
  0x00000196515a7d50 JavaThread "Cache worker for journal cache (C:\Users\niko_\.gradle\caches\journal-1)"        [_thread_blocked, id=26672, stack(0x00000088f6c00000,0x00000088f6d00000) (1024K)]
  0x00000196515a83e0 JavaThread "File lock request listener"        [_thread_in_native, id=12940, stack(0x00000088f8100000,0x00000088f8200000) (1024K)]
  0x00000196515a8a70 JavaThread "Cache worker for file hash cache (C:\Users\niko_\.gradle\caches\8.10.2\fileHashes)"        [_thread_blocked, id=26956, stack(0x00000088f8200000,0x00000088f8300000) (1024K)]
  0x00000196515aa4b0 JavaThread "Cache worker for file hash cache (C:\gpslogger\GPSLogger - Copie\.gradle\8.10.2\fileHashes)"        [_thread_blocked, id=34540, stack(0x00000088f8500000,0x00000088f8600000) (1024K)]
  0x00000196515a9790 JavaThread "Cache worker for Build Output Cleanup Cache (C:\gpslogger\GPSLogger - Copie\.gradle\buildOutputCleanup)"        [_thread_blocked, id=1312, stack(0x00000088f8600000,0x00000088f8700000) (1024K)]
  0x00000196515a76c0 JavaThread "File watcher server"        daemon [_thread_in_native, id=19412, stack(0x00000088f8300000,0x00000088f8400000) (1024K)]
  0x000001965187b4e0 JavaThread "File watcher consumer"      daemon [_thread_blocked, id=34464, stack(0x00000088f8400000,0x00000088f8500000) (1024K)]
  0x000001965187d5b0 JavaThread "jar transforms"                    [_thread_blocked, id=7752, stack(0x00000088f8900000,0x00000088f8a00000) (1024K)]
  0x000001965187c200 JavaThread "jar transforms Thread 2"           [_thread_blocked, id=23116, stack(0x00000088f8a00000,0x00000088f8b00000) (1024K)]
  0x000001965187a7c0 JavaThread "jar transforms Thread 3"           [_thread_blocked, id=14476, stack(0x00000088f8b00000,0x00000088f8c00000) (1024K)]
  0x000001965187e2d0 JavaThread "jar transforms Thread 4"           [_thread_blocked, id=18680, stack(0x00000088f8c00000,0x00000088f8d00000) (1024K)]
  0x000001965187bb70 JavaThread "jar transforms Thread 5"           [_thread_blocked, id=16860, stack(0x00000088f8d00000,0x00000088f8e00000) (1024K)]
  0x000001965187ae50 JavaThread "jar transforms Thread 6"           [_thread_blocked, id=3148, stack(0x00000088f8e00000,0x00000088f8f00000) (1024K)]
  0x000001965187dc40 JavaThread "jar transforms Thread 7"           [_thread_blocked, id=31712, stack(0x00000088f8f00000,0x00000088f9000000) (1024K)]
  0x000001965187cf20 JavaThread "jar transforms Thread 8"           [_thread_blocked, id=2792, stack(0x00000088f9000000,0x00000088f9100000) (1024K)]
  0x000001965187e960 JavaThread "jar transforms Thread 9"           [_thread_blocked, id=13816, stack(0x00000088f9100000,0x00000088f9200000) (1024K)]
  0x000001965187f680 JavaThread "jar transforms Thread 10"          [_thread_blocked, id=25304, stack(0x00000088f9200000,0x00000088f9300000) (1024K)]
  0x000001965187eff0 JavaThread "jar transforms Thread 11"          [_thread_blocked, id=10764, stack(0x00000088f9300000,0x00000088f9400000) (1024K)]
  0x000001965187fd10 JavaThread "jar transforms Thread 12"          [_thread_blocked, id=18596, stack(0x00000088f9400000,0x00000088f9500000) (1024K)]
  0x000001965187c890 JavaThread "Cache worker for checksums cache (C:\gpslogger\GPSLogger - Copie\.gradle\8.10.2\checksums)"        [_thread_blocked, id=8608, stack(0x00000088f9500000,0x00000088f9600000) (1024K)]
  0x00000196518803a0 JavaThread "Cache worker for file content cache (C:\Users\niko_\.gradle\caches\8.10.2\fileContent)"        [_thread_blocked, id=22536, stack(0x00000088f9600000,0x00000088f9700000) (1024K)]
  0x0000019651880a30 JavaThread "Cache worker for cache directory md-rule (C:\Users\niko_\.gradle\caches\8.10.2\md-rule)"        [_thread_blocked, id=23096, stack(0x00000088f9700000,0x00000088f9800000) (1024K)]
  0x00000196518810c0 JavaThread "Cache worker for cache directory md-supplier (C:\Users\niko_\.gradle\caches\8.10.2\md-supplier)"        [_thread_blocked, id=29260, stack(0x00000088f9800000,0x00000088f9900000) (1024K)]
  0x0000019652715a30 JavaThread "Unconstrained build operations"        [_thread_blocked, id=16528, stack(0x00000088f8800000,0x00000088f8900000) (1024K)]
  0x0000019652713ff0 JavaThread "Unconstrained build operations Thread 2"        [_thread_blocked, id=22192, stack(0x00000088f9900000,0x00000088f9a00000) (1024K)]
  0x00000196527160c0 JavaThread "Unconstrained build operations Thread 3"        [_thread_blocked, id=24144, stack(0x00000088f9a00000,0x00000088f9b00000) (1024K)]
  0x00000196527153a0 JavaThread "Unconstrained build operations Thread 4"        [_thread_blocked, id=7588, stack(0x00000088f9b00000,0x00000088f9c00000) (1024K)]
  0x0000019652717470 JavaThread "Unconstrained build operations Thread 5"        [_thread_blocked, id=20384, stack(0x00000088f9d00000,0x00000088f9e00000) (1024K)]
  0x0000019652717b00 JavaThread "Unconstrained build operations Thread 6"        [_thread_blocked, id=28176, stack(0x00000088f9e00000,0x00000088f9f00000) (1024K)]
  0x0000019652714d10 JavaThread "Unconstrained build operations Thread 7"        [_thread_blocked, id=11564, stack(0x00000088f9f00000,0x00000088fa000000) (1024K)]
  0x0000019652718820 JavaThread "Unconstrained build operations Thread 8"        [_thread_blocked, id=13156, stack(0x00000088fa000000,0x00000088fa100000) (1024K)]
  0x0000019652718eb0 JavaThread "Unconstrained build operations Thread 9"        [_thread_blocked, id=3400, stack(0x00000088fa100000,0x00000088fa200000) (1024K)]
  0x0000019652719540 JavaThread "Unconstrained build operations Thread 10"        [_thread_blocked, id=25952, stack(0x00000088fa200000,0x00000088fa300000) (1024K)]
  0x0000019652718190 JavaThread "Unconstrained build operations Thread 11"        [_thread_blocked, id=192, stack(0x00000088fa300000,0x00000088fa400000) (1024K)]
  0x0000019652719bd0 JavaThread "Unconstrained build operations Thread 12"        [_thread_blocked, id=25260, stack(0x00000088fa400000,0x00000088fa500000) (1024K)]
  0x000001965271a260 JavaThread "Unconstrained build operations Thread 13"        [_thread_blocked, id=31608, stack(0x00000088fa500000,0x00000088fa600000) (1024K)]
  0x000001965271a8f0 JavaThread "Unconstrained build operations Thread 14"        [_thread_blocked, id=24772, stack(0x00000088fa600000,0x00000088fa700000) (1024K)]
  0x000001965271af80 JavaThread "Unconstrained build operations Thread 15"        [_thread_blocked, id=10888, stack(0x00000088fa700000,0x00000088fa800000) (1024K)]
  0x000001965619fdb0 JavaThread "Unconstrained build operations Thread 16"        [_thread_blocked, id=9332, stack(0x00000088fa800000,0x00000088fa900000) (1024K)]
  0x00000196561a17f0 JavaThread "Unconstrained build operations Thread 17"        [_thread_blocked, id=10864, stack(0x00000088fa900000,0x00000088faa00000) (1024K)]
  0x00000196561a1e80 JavaThread "Unconstrained build operations Thread 18"        [_thread_blocked, id=9724, stack(0x00000088faa00000,0x00000088fab00000) (1024K)]
  0x000001965619f720 JavaThread "Unconstrained build operations Thread 19"        [_thread_blocked, id=17608, stack(0x00000088fab00000,0x00000088fac00000) (1024K)]
  0x00000196561a0440 JavaThread "Unconstrained build operations Thread 20"        [_thread_blocked, id=23452, stack(0x00000088fac00000,0x00000088fad00000) (1024K)]
  0x00000196561a0ad0 JavaThread "Unconstrained build operations Thread 21"        [_thread_blocked, id=33116, stack(0x00000088fad00000,0x00000088fae00000) (1024K)]
  0x00000196568eb4a0 JavaThread "Kotlin DSL Writer"                 [_thread_blocked, id=6756, stack(0x00000088f8700000,0x00000088f8800000) (1024K)]
  0x000001965661bbd0 JavaThread "Unconstrained build operations Thread 22"        [_thread_blocked, id=32184, stack(0x00000088fae00000,0x00000088faf00000) (1024K)]
  0x0000019656619470 JavaThread "Unconstrained build operations Thread 23"        [_thread_blocked, id=13132, stack(0x00000088faf00000,0x00000088fb000000) (1024K)]
  0x000001965661a190 JavaThread "Unconstrained build operations Thread 24"        [_thread_blocked, id=16692, stack(0x00000088fb000000,0x00000088fb100000) (1024K)]
  0x000001965661b540 JavaThread "Unconstrained build operations Thread 25"        [_thread_blocked, id=23936, stack(0x00000088fb100000,0x00000088fb200000) (1024K)]
  0x0000019656618de0 JavaThread "Unconstrained build operations Thread 26"        [_thread_blocked, id=10872, stack(0x00000088fb200000,0x00000088fb300000) (1024K)]
  0x000001965661f6e0 JavaThread "Unconstrained build operations Thread 27"        [_thread_blocked, id=18116, stack(0x00000088fb300000,0x00000088fb400000) (1024K)]
  0x000001965661fd70 JavaThread "Unconstrained build operations Thread 28"        [_thread_blocked, id=19268, stack(0x00000088fb400000,0x00000088fb500000) (1024K)]
  0x000001965661e330 JavaThread "Unconstrained build operations Thread 29"        [_thread_blocked, id=13500, stack(0x00000088fb500000,0x00000088fb600000) (1024K)]
  0x000001965661e9c0 JavaThread "Unconstrained build operations Thread 30"        [_thread_blocked, id=9932, stack(0x00000088fb600000,0x00000088fb700000) (1024K)]
  0x000001965661f050 JavaThread "Unconstrained build operations Thread 31"        [_thread_blocked, id=30352, stack(0x00000088fb700000,0x00000088fb800000) (1024K)]
  0x000001965661c8f0 JavaThread "Unconstrained build operations Thread 32"        [_thread_blocked, id=29300, stack(0x00000088fb800000,0x00000088fb900000) (1024K)]
  0x0000019656620400 JavaThread "Unconstrained build operations Thread 33"        [_thread_in_native, id=27364, stack(0x00000088fb900000,0x00000088fba00000) (1024K)]
  0x000001965661cf80 JavaThread "Unconstrained build operations Thread 34"        [_thread_in_native, id=13372, stack(0x00000088fba00000,0x00000088fbb00000) (1024K)]
  0x000001965661d610 JavaThread "Unconstrained build operations Thread 35"        [_thread_in_native, id=14272, stack(0x00000088fbb00000,0x00000088fbc00000) (1024K)]
  0x000001965661dca0 JavaThread "Unconstrained build operations Thread 36"        [_thread_in_native, id=26760, stack(0x00000088fbc00000,0x00000088fbd00000) (1024K)]
  0x000001965671dd90 JavaThread "Unconstrained build operations Thread 37"        [_thread_in_Java, id=14772, stack(0x00000088fbd00000,0x00000088fbe00000) (1024K)]
  0x00000196567218a0 JavaThread "Unconstrained build operations Thread 38"        [_thread_in_native, id=17456, stack(0x00000088fbe00000,0x00000088fbf00000) (1024K)]
  0x0000019656720b80 JavaThread "Unconstrained build operations Thread 39"        [_thread_in_native, id=27972, stack(0x00000088fbf00000,0x00000088fc000000) (1024K)]
  0x000001965671eab0 JavaThread "Unconstrained build operations Thread 40"        [_thread_in_Java, id=19400, stack(0x00000088fc000000,0x00000088fc100000) (1024K)]
  0x00000196567204f0 JavaThread "Unconstrained build operations Thread 41"        [_thread_in_Java, id=26768, stack(0x00000088fc100000,0x00000088fc200000) (1024K)]
  0x0000019656721210 JavaThread "Unconstrained build operations Thread 42"        [_thread_in_native, id=5272, stack(0x00000088fc200000,0x00000088fc300000) (1024K)]
  0x000001965671f140 JavaThread "Unconstrained build operations Thread 43"        [_thread_in_Java, id=7528, stack(0x00000088fc300000,0x00000088fc400000) (1024K)]
  0x0000019653e3c9f0 JavaThread "C2 CompilerThread1"         daemon [_thread_in_native, id=404, stack(0x00000088fc400000,0x00000088fc500000) (1024K)]
=>0x0000019653e3d790 JavaThread "C2 CompilerThread2"         daemon [_thread_in_native, id=26644, stack(0x00000088fc500000,0x00000088fc600000) (1024K)]
Total: 90

Other Threads:
  0x000001964ae964d0 VMThread "VM Thread"                           [id=32764, stack(0x00000088f6000000,0x00000088f6100000) (1024K)]
  0x000001964ae87c40 WatcherThread "VM Periodic Task Thread"        [id=21828, stack(0x00000088f5f00000,0x00000088f6000000) (1024K)]
  0x00000196313e6960 WorkerThread "GC Thread#0"                     [id=8868, stack(0x00000088f5a00000,0x00000088f5b00000) (1024K)]
  0x000001964b97c130 WorkerThread "GC Thread#1"                     [id=14052, stack(0x00000088f6d00000,0x00000088f6e00000) (1024K)]
  0x000001964b97c4d0 WorkerThread "GC Thread#2"                     [id=15288, stack(0x00000088f6e00000,0x00000088f6f00000) (1024K)]
  0x000001964b97c870 WorkerThread "GC Thread#3"                     [id=7932, stack(0x00000088f6f00000,0x00000088f7000000) (1024K)]
  0x000001964bb00f80 WorkerThread "GC Thread#4"                     [id=21936, stack(0x00000088f7000000,0x00000088f7100000) (1024K)]
  0x000001964bb01320 WorkerThread "GC Thread#5"                     [id=34568, stack(0x00000088f7100000,0x00000088f7200000) (1024K)]
  0x000001964baa69c0 WorkerThread "GC Thread#6"                     [id=6392, stack(0x00000088f7200000,0x00000088f7300000) (1024K)]
  0x00000196515bcb90 WorkerThread "GC Thread#7"                     [id=4840, stack(0x00000088f7c00000,0x00000088f7d00000) (1024K)]
  0x00000196515bcf30 WorkerThread "GC Thread#8"                     [id=31384, stack(0x00000088f7d00000,0x00000088f7e00000) (1024K)]
  0x00000196515c4340 WorkerThread "GC Thread#9"                     [id=23332, stack(0x00000088f7e00000,0x00000088f7f00000) (1024K)]
  0x00000196313f7850 ConcurrentGCThread "G1 Main Marker"            [id=5540, stack(0x00000088f5b00000,0x00000088f5c00000) (1024K)]
  0x00000196313f90a0 WorkerThread "G1 Conc#0"                       [id=31760, stack(0x00000088f5c00000,0x00000088f5d00000) (1024K)]
  0x00000196515c46e0 WorkerThread "G1 Conc#1"                       [id=18808, stack(0x00000088f7f00000,0x00000088f8000000) (1024K)]
  0x00000196515c4a80 WorkerThread "G1 Conc#2"                       [id=11092, stack(0x00000088f8000000,0x00000088f8100000) (1024K)]
  0x000001964add4350 ConcurrentGCThread "G1 Refine#0"               [id=20704, stack(0x00000088f5d00000,0x00000088f5e00000) (1024K)]
  0x000001964add4c70 ConcurrentGCThread "G1 Service"                [id=32312, stack(0x00000088f5e00000,0x00000088f5f00000) (1024K)]
Total: 18

Threads with active compile tasks:
C2 CompilerThread0  40957 14103       4       java.util.zip.ZipFile$Source::initCEN (612 bytes)
C2 CompilerThread1  40957 14037       4       org.gradle.internal.serialize.HierarchicalNameSerializer::writeFirstOccurrenceOfName (73 bytes)
C2 CompilerThread2  40957 13900       4       org.gradle.internal.serialize.HierarchicalNameSerializer::writeName (88 bytes)
Total: 3

VM state: not at safepoint (normal execution)

VM Mutex/Monitor currently owned by a thread: None

Heap address: 0x0000000080000000, size: 2048 MB, Compressed Oops mode: 32-bit

CDS archive(s) not mapped
Compressed class space mapped at: 0x0000000100000000-0x0000000140000000, reserved size: 1073741824
Narrow klass base: 0x0000000000000000, Narrow klass shift: 3, Narrow klass range: 0x140000000

GC Precious Log:
 CardTable entry size: 512
 Card Set container configuration: InlinePtr #cards 5 size 8 Array Of Cards #cards 12 size 40 Howl #buckets 4 coarsen threshold 1843 Howl Bitmap #cards 512 size 80 coarsen threshold 460 Card regions per heap region 1 cards per card region 2048
 CPUs: 12 total, 12 available
 Memory: 19849M
 Large Page Support: Disabled
 NUMA Support: Disabled
 Compressed Oops: Enabled (32-bit)
 Heap Region Size: 1M
 Heap Min Capacity: 8M
 Heap Initial Capacity: 312M
 Heap Max Capacity: 2G
 Pre-touch: Disabled
 Parallel Workers: 10
 Concurrent Workers: 3
 Concurrent Refinement Workers: 10
 Periodic GC: Disabled

Heap:
 garbage-first heap   total 237568K, used 184545K [0x0000000080000000, 0x0000000100000000)
  region size 1024K, 36 young (36864K), 8 survivors (8192K)
 Metaspace       used 150032K, committed 152320K, reserved 1245184K
  class space    used 19133K, committed 20288K, reserved 1048576K

Heap Regions: E=young(eden), S=young(survivor), O=old, HS=humongous(starts), HC=humongous(continues), CS=collection set, F=free, TAMS=top-at-mark-start, PB=parsable bottom
|   0|0x0000000080000000, 0x0000000080100000, 0x0000000080100000|100%| O|  |TAMS 0x0000000080100000| PB 0x0000000080000000| Untracked 
|   1|0x0000000080100000, 0x0000000080200000, 0x0000000080200000|100%| O|  |TAMS 0x0000000080200000| PB 0x0000000080100000| Untracked 
|   2|0x0000000080200000, 0x0000000080300000, 0x0000000080300000|100%|HS|  |TAMS 0x0000000080300000| PB 0x0000000080200000| Complete 
|   3|0x0000000080300000, 0x0000000080400000, 0x0000000080400000|100%|HC|  |TAMS 0x0000000080400000| PB 0x0000000080300000| Complete 
|   4|0x0000000080400000, 0x0000000080500000, 0x0000000080500000|100%|HC|  |TAMS 0x0000000080500000| PB 0x0000000080400000| Complete 
|   5|0x0000000080500000, 0x0000000080600000, 0x0000000080600000|100%|HC|  |TAMS 0x0000000080600000| PB 0x0000000080500000| Complete 
|   6|0x0000000080600000, 0x0000000080700000, 0x0000000080700000|100%| O|  |TAMS 0x0000000080700000| PB 0x0000000080600000| Untracked 
|   7|0x0000000080700000, 0x0000000080800000, 0x0000000080800000|100%| O|  |TAMS 0x0000000080800000| PB 0x0000000080700000| Untracked 
|   8|0x0000000080800000, 0x0000000080900000, 0x0000000080900000|100%| O|  |TAMS 0x0000000080900000| PB 0x0000000080800000| Untracked 
|   9|0x0000000080900000, 0x0000000080a00000, 0x0000000080a00000|100%|HS|  |TAMS 0x0000000080a00000| PB 0x0000000080900000| Complete 
|  10|0x0000000080a00000, 0x0000000080b00000, 0x0000000080b00000|100%| O|  |TAMS 0x0000000080b00000| PB 0x0000000080a00000| Untracked 
|  11|0x0000000080b00000, 0x0000000080c00000, 0x0000000080c00000|100%| O|  |TAMS 0x0000000080c00000| PB 0x0000000080b00000| Untracked 
|  12|0x0000000080c00000, 0x0000000080d00000, 0x0000000080d00000|100%| O|  |TAMS 0x0000000080d00000| PB 0x0000000080c00000| Untracked 
|  13|0x0000000080d00000, 0x0000000080e00000, 0x0000000080e00000|100%|HS|  |TAMS 0x0000000080e00000| PB 0x0000000080d00000| Complete 
|  14|0x0000000080e00000, 0x0000000080f00000, 0x0000000080f00000|100%|HC|  |TAMS 0x0000000080f00000| PB 0x0000000080e00000| Complete 
|  15|0x0000000080f00000, 0x0000000081000000, 0x0000000081000000|100%|HC|  |TAMS 0x0000000081000000| PB 0x0000000080f00000| Complete 
|  16|0x0000000081000000, 0x0000000081100000, 0x0000000081100000|100%|HC|  |TAMS 0x0000000081100000| PB 0x0000000081000000| Complete 
|  17|0x0000000081100000, 0x0000000081200000, 0x0000000081200000|100%|HC|  |TAMS 0x0000000081200000| PB 0x0000000081100000| Complete 
|  18|0x0000000081200000, 0x0000000081300000, 0x0000000081300000|100%|HC|  |TAMS 0x0000000081300000| PB 0x0000000081200000| Complete 
|  19|0x0000000081300000, 0x0000000081400000, 0x0000000081400000|100%| O|  |TAMS 0x0000000081400000| PB 0x0000000081300000| Untracked 
|  20|0x0000000081400000, 0x0000000081500000, 0x0000000081500000|100%| O|  |TAMS 0x0000000081500000| PB 0x0000000081400000| Untracked 
|  21|0x0000000081500000, 0x0000000081600000, 0x0000000081600000|100%| O|  |TAMS 0x0000000081600000| PB 0x0000000081500000| Untracked 
|  22|0x0000000081600000, 0x0000000081700000, 0x0000000081700000|100%| O|  |TAMS 0x0000000081700000| PB 0x0000000081600000| Untracked 
|  23|0x0000000081700000, 0x0000000081800000, 0x0000000081800000|100%| O|  |TAMS 0x0000000081800000| PB 0x0000000081700000| Untracked 
|  24|0x0000000081800000, 0x0000000081900000, 0x0000000081900000|100%| O|  |TAMS 0x0000000081900000| PB 0x0000000081800000| Untracked 
|  25|0x0000000081900000, 0x0000000081a00000, 0x0000000081a00000|100%| O|  |TAMS 0x0000000081a00000| PB 0x0000000081900000| Untracked 
|  26|0x0000000081a00000, 0x0000000081b00000, 0x0000000081b00000|100%| O|  |TAMS 0x0000000081b00000| PB 0x0000000081a00000| Untracked 
|  27|0x0000000081b00000, 0x0000000081c00000, 0x0000000081c00000|100%| O|  |TAMS 0x0000000081c00000| PB 0x0000000081b00000| Untracked 
|  28|0x0000000081c00000, 0x0000000081d00000, 0x0000000081d00000|100%|HS|  |TAMS 0x0000000081d00000| PB 0x0000000081c00000| Complete 
|  29|0x0000000081d00000, 0x0000000081e00000, 0x0000000081e00000|100%| O|  |TAMS 0x0000000081e00000| PB 0x0000000081d00000| Untracked 
|  30|0x0000000081e00000, 0x0000000081f00000, 0x0000000081f00000|100%| O|  |TAMS 0x0000000081f00000| PB 0x0000000081e00000| Untracked 
|  31|0x0000000081f00000, 0x0000000082000000, 0x0000000082000000|100%| O|  |TAMS 0x0000000082000000| PB 0x0000000081f00000| Untracked 
|  32|0x0000000082000000, 0x0000000082100000, 0x0000000082100000|100%| O|  |TAMS 0x0000000082100000| PB 0x0000000082000000| Untracked 
|  33|0x0000000082100000, 0x0000000082200000, 0x0000000082200000|100%| O|  |TAMS 0x0000000082200000| PB 0x0000000082100000| Untracked 
|  34|0x0000000082200000, 0x0000000082300000, 0x0000000082300000|100%| O|  |TAMS 0x0000000082300000| PB 0x0000000082200000| Untracked 
|  35|0x0000000082300000, 0x0000000082400000, 0x0000000082400000|100%|HS|  |TAMS 0x0000000082400000| PB 0x0000000082300000| Complete 
|  36|0x0000000082400000, 0x0000000082500000, 0x0000000082500000|100%|HC|  |TAMS 0x0000000082500000| PB 0x0000000082400000| Complete 
|  37|0x0000000082500000, 0x0000000082600000, 0x0000000082600000|100%|HC|  |TAMS 0x0000000082600000| PB 0x0000000082500000| Complete 
|  38|0x0000000082600000, 0x0000000082700000, 0x0000000082700000|100%|HS|  |TAMS 0x0000000082700000| PB 0x0000000082600000| Complete 
|  39|0x0000000082700000, 0x0000000082800000, 0x0000000082800000|100%|HC|  |TAMS 0x0000000082800000| PB 0x0000000082700000| Complete 
|  40|0x0000000082800000, 0x0000000082900000, 0x0000000082900000|100%| O|  |TAMS 0x0000000082900000| PB 0x0000000082800000| Untracked 
|  41|0x0000000082900000, 0x0000000082a00000, 0x0000000082a00000|100%| O|  |TAMS 0x0000000082a00000| PB 0x0000000082900000| Untracked 
|  42|0x0000000082a00000, 0x0000000082b00000, 0x0000000082b00000|100%| O|  |TAMS 0x0000000082b00000| PB 0x0000000082a00000| Untracked 
|  43|0x0000000082b00000, 0x0000000082c00000, 0x0000000082c00000|100%| O|  |TAMS 0x0000000082c00000| PB 0x0000000082b00000| Untracked 
|  44|0x0000000082c00000, 0x0000000082d00000, 0x0000000082d00000|100%| O|  |TAMS 0x0000000082d00000| PB 0x0000000082c00000| Untracked 
|  45|0x0000000082d00000, 0x0000000082e00000, 0x0000000082e00000|100%| O|  |TAMS 0x0000000082e00000| PB 0x0000000082d00000| Untracked 
|  46|0x0000000082e00000, 0x0000000082f00000, 0x0000000082f00000|100%| O|  |TAMS 0x0000000082f00000| PB 0x0000000082e00000| Untracked 
|  47|0x0000000082f00000, 0x0000000083000000, 0x0000000083000000|100%| O|  |TAMS 0x0000000083000000| PB 0x0000000082f00000| Untracked 
|  48|0x0000000083000000, 0x0000000083100000, 0x0000000083100000|100%| O|  |TAMS 0x0000000083100000| PB 0x0000000083000000| Untracked 
|  49|0x0000000083100000, 0x0000000083200000, 0x0000000083200000|100%|HS|  |TAMS 0x0000000083200000| PB 0x0000000083100000| Complete 
|  50|0x0000000083200000, 0x0000000083300000, 0x0000000083300000|100%|HC|  |TAMS 0x0000000083300000| PB 0x0000000083200000| Complete 
|  51|0x0000000083300000, 0x0000000083400000, 0x0000000083400000|100%| O|  |TAMS 0x0000000083400000| PB 0x0000000083300000| Untracked 
|  52|0x0000000083400000, 0x0000000083500000, 0x0000000083500000|100%| O|  |TAMS 0x0000000083500000| PB 0x0000000083400000| Untracked 
|  53|0x0000000083500000, 0x0000000083600000, 0x0000000083600000|100%| O|  |TAMS 0x0000000083600000| PB 0x0000000083500000| Untracked 
|  54|0x0000000083600000, 0x0000000083700000, 0x0000000083700000|100%| O|  |TAMS 0x0000000083700000| PB 0x0000000083600000| Untracked 
|  55|0x0000000083700000, 0x0000000083800000, 0x0000000083800000|100%| O|  |TAMS 0x0000000083800000| PB 0x0000000083700000| Untracked 
|  56|0x0000000083800000, 0x0000000083900000, 0x0000000083900000|100%| O|  |TAMS 0x0000000083900000| PB 0x0000000083800000| Untracked 
|  57|0x0000000083900000, 0x0000000083a00000, 0x0000000083a00000|100%| O|  |TAMS 0x0000000083a00000| PB 0x0000000083900000| Untracked 
|  58|0x0000000083a00000, 0x0000000083b00000, 0x0000000083b00000|100%|HS|  |TAMS 0x0000000083b00000| PB 0x0000000083a00000| Complete 
|  59|0x0000000083b00000, 0x0000000083c00000, 0x0000000083c00000|100%|HC|  |TAMS 0x0000000083c00000| PB 0x0000000083b00000| Complete 
|  60|0x0000000083c00000, 0x0000000083d00000, 0x0000000083d00000|100%|HC|  |TAMS 0x0000000083d00000| PB 0x0000000083c00000| Complete 
|  61|0x0000000083d00000, 0x0000000083e00000, 0x0000000083e00000|100%|HC|  |TAMS 0x0000000083e00000| PB 0x0000000083d00000| Complete 
|  62|0x0000000083e00000, 0x0000000083f00000, 0x0000000083f00000|100%|HC|  |TAMS 0x0000000083f00000| PB 0x0000000083e00000| Complete 
|  63|0x0000000083f00000, 0x0000000084000000, 0x0000000084000000|100%|HC|  |TAMS 0x0000000084000000| PB 0x0000000083f00000| Complete 
|  64|0x0000000084000000, 0x0000000084100000, 0x0000000084100000|100%|HS|  |TAMS 0x0000000084100000| PB 0x0000000084000000| Complete 
|  65|0x0000000084100000, 0x0000000084200000, 0x0000000084200000|100%|HC|  |TAMS 0x0000000084200000| PB 0x0000000084100000| Complete 
|  66|0x0000000084200000, 0x0000000084300000, 0x0000000084300000|100%|HC|  |TAMS 0x0000000084300000| PB 0x0000000084200000| Complete 
|  67|0x0000000084300000, 0x0000000084400000, 0x0000000084400000|100%|HC|  |TAMS 0x0000000084400000| PB 0x0000000084300000| Complete 
|  68|0x0000000084400000, 0x0000000084500000, 0x0000000084500000|100%|HC|  |TAMS 0x0000000084500000| PB 0x0000000084400000| Complete 
|  69|0x0000000084500000, 0x0000000084600000, 0x0000000084600000|100%|HC|  |TAMS 0x0000000084600000| PB 0x0000000084500000| Complete 
|  70|0x0000000084600000, 0x0000000084700000, 0x0000000084700000|100%| O|  |TAMS 0x0000000084700000| PB 0x0000000084600000| Untracked 
|  71|0x0000000084700000, 0x0000000084800000, 0x0000000084800000|100%| O|  |TAMS 0x0000000084800000| PB 0x0000000084700000| Untracked 
|  72|0x0000000084800000, 0x0000000084900000, 0x0000000084900000|100%| O|  |TAMS 0x0000000084900000| PB 0x0000000084800000| Untracked 
|  73|0x0000000084900000, 0x0000000084a00000, 0x0000000084a00000|100%| O|  |TAMS 0x0000000084a00000| PB 0x0000000084900000| Untracked 
|  74|0x0000000084a00000, 0x0000000084b00000, 0x0000000084b00000|100%| O|  |TAMS 0x0000000084a00000| PB 0x0000000084a00000| Untracked 
|  75|0x0000000084b00000, 0x0000000084c00000, 0x0000000084c00000|100%|HS|  |TAMS 0x0000000084c00000| PB 0x0000000084b00000| Complete 
|  76|0x0000000084c00000, 0x0000000084d00000, 0x0000000084d00000|100%|HC|  |TAMS 0x0000000084d00000| PB 0x0000000084c00000| Complete 
|  77|0x0000000084d00000, 0x0000000084e00000, 0x0000000084e00000|100%|HC|  |TAMS 0x0000000084e00000| PB 0x0000000084d00000| Complete 
|  78|0x0000000084e00000, 0x0000000084f00000, 0x0000000084f00000|100%|HC|  |TAMS 0x0000000084f00000| PB 0x0000000084e00000| Complete 
|  79|0x0000000084f00000, 0x0000000085000000, 0x0000000085000000|100%|HC|  |TAMS 0x0000000085000000| PB 0x0000000084f00000| Complete 
|  80|0x0000000085000000, 0x0000000085100000, 0x0000000085100000|100%|HC|  |TAMS 0x0000000085100000| PB 0x0000000085000000| Complete 
|  81|0x0000000085100000, 0x0000000085200000, 0x0000000085200000|100%|HS|  |TAMS 0x0000000085200000| PB 0x0000000085100000| Complete 
|  82|0x0000000085200000, 0x0000000085300000, 0x0000000085300000|100%| O|  |TAMS 0x0000000085300000| PB 0x0000000085200000| Untracked 
|  83|0x0000000085300000, 0x0000000085400000, 0x0000000085400000|100%| O|  |TAMS 0x0000000085400000| PB 0x0000000085300000| Untracked 
|  84|0x0000000085400000, 0x0000000085500000, 0x0000000085500000|100%| O|  |TAMS 0x0000000085500000| PB 0x0000000085400000| Untracked 
|  85|0x0000000085500000, 0x0000000085600000, 0x0000000085600000|100%| O|  |TAMS 0x0000000085600000| PB 0x0000000085500000| Untracked 
|  86|0x0000000085600000, 0x0000000085700000, 0x0000000085700000|100%| O|  |TAMS 0x0000000085700000| PB 0x0000000085600000| Untracked 
|  87|0x0000000085700000, 0x0000000085800000, 0x0000000085800000|100%| O|  |TAMS 0x0000000085800000| PB 0x0000000085700000| Untracked 
|  88|0x0000000085800000, 0x0000000085900000, 0x0000000085900000|100%| O|  |TAMS 0x0000000085900000| PB 0x0000000085800000| Untracked 
|  89|0x0000000085900000, 0x0000000085a00000, 0x0000000085a00000|100%| O|  |TAMS 0x0000000085a00000| PB 0x0000000085900000| Untracked 
|  90|0x0000000085a00000, 0x0000000085b00000, 0x0000000085b00000|100%| O|  |TAMS 0x0000000085b00000| PB 0x0000000085a00000| Untracked 
|  91|0x0000000085b00000, 0x0000000085c00000, 0x0000000085c00000|100%| O|  |TAMS 0x0000000085c00000| PB 0x0000000085b00000| Untracked 
|  92|0x0000000085c00000, 0x0000000085d00000, 0x0000000085d00000|100%| O|  |TAMS 0x0000000085d00000| PB 0x0000000085c00000| Untracked 
|  93|0x0000000085d00000, 0x0000000085e00000, 0x0000000085e00000|100%| O|  |TAMS 0x0000000085e00000| PB 0x0000000085d00000| Untracked 
|  94|0x0000000085e00000, 0x0000000085f00000, 0x0000000085f00000|100%| O|  |TAMS 0x0000000085f00000| PB 0x0000000085e00000| Untracked 
|  95|0x0000000085f00000, 0x0000000086000000, 0x0000000086000000|100%| O|  |TAMS 0x0000000086000000| PB 0x0000000085f00000| Untracked 
|  96|0x0000000086000000, 0x0000000086100000, 0x0000000086100000|100%| O|  |TAMS 0x0000000086100000| PB 0x0000000086000000| Untracked 
|  97|0x0000000086100000, 0x0000000086200000, 0x0000000086200000|100%| O|  |TAMS 0x0000000086200000| PB 0x0000000086100000| Untracked 
|  98|0x0000000086200000, 0x0000000086300000, 0x0000000086300000|100%| O|  |TAMS 0x0000000086300000| PB 0x0000000086200000| Untracked 
|  99|0x0000000086300000, 0x0000000086400000, 0x0000000086400000|100%| O|  |TAMS 0x0000000086400000| PB 0x0000000086300000| Untracked 
| 100|0x0000000086400000, 0x0000000086500000, 0x0000000086500000|100%| O|  |TAMS 0x0000000086500000| PB 0x0000000086400000| Untracked 
| 101|0x0000000086500000, 0x0000000086600000, 0x0000000086600000|100%| O|  |TAMS 0x0000000086600000| PB 0x0000000086500000| Untracked 
| 102|0x0000000086600000, 0x0000000086700000, 0x0000000086700000|100%| O|  |TAMS 0x0000000086700000| PB 0x0000000086600000| Untracked 
| 103|0x0000000086700000, 0x0000000086800000, 0x0000000086800000|100%| O|  |TAMS 0x0000000086700000| PB 0x0000000086700000| Untracked 
| 104|0x0000000086800000, 0x0000000086900000, 0x0000000086900000|100%| O|  |TAMS 0x0000000086884cf0| PB 0x0000000086800000| Untracked 
| 105|0x0000000086900000, 0x0000000086a00000, 0x0000000086a00000|100%|HS|  |TAMS 0x0000000086900000| PB 0x0000000086900000| Complete 
| 106|0x0000000086a00000, 0x0000000086b00000, 0x0000000086b00000|100%| O|  |TAMS 0x0000000086b00000| PB 0x0000000086a00000| Untracked 
| 107|0x0000000086b00000, 0x0000000086c00000, 0x0000000086c00000|100%| O|  |TAMS 0x0000000086c00000| PB 0x0000000086b00000| Untracked 
| 108|0x0000000086c00000, 0x0000000086d00000, 0x0000000086d00000|100%| O|  |TAMS 0x0000000086d00000| PB 0x0000000086c00000| Untracked 
| 109|0x0000000086d00000, 0x0000000086e00000, 0x0000000086e00000|100%| O|  |TAMS 0x0000000086e00000| PB 0x0000000086d00000| Untracked 
| 110|0x0000000086e00000, 0x0000000086f00000, 0x0000000086f00000|100%| O|  |TAMS 0x0000000086f00000| PB 0x0000000086e00000| Untracked 
| 111|0x0000000086f00000, 0x0000000087000000, 0x0000000087000000|100%| O|  |TAMS 0x0000000087000000| PB 0x0000000086f00000| Untracked 
| 112|0x0000000087000000, 0x0000000087100000, 0x0000000087100000|100%| O|  |TAMS 0x0000000087100000| PB 0x0000000087000000| Untracked 
| 113|0x0000000087100000, 0x0000000087200000, 0x0000000087200000|100%| O|  |TAMS 0x0000000087200000| PB 0x0000000087100000| Untracked 
| 114|0x0000000087200000, 0x0000000087300000, 0x0000000087300000|100%| O|  |TAMS 0x0000000087300000| PB 0x0000000087200000| Untracked 
| 115|0x0000000087300000, 0x0000000087400000, 0x0000000087400000|100%| O|  |TAMS 0x0000000087400000| PB 0x0000000087300000| Untracked 
| 116|0x0000000087400000, 0x0000000087500000, 0x0000000087500000|100%| O|  |TAMS 0x0000000087500000| PB 0x0000000087400000| Untracked 
| 117|0x0000000087500000, 0x0000000087600000, 0x0000000087600000|100%| O|  |TAMS 0x0000000087600000| PB 0x0000000087500000| Untracked 
| 118|0x0000000087600000, 0x0000000087700000, 0x0000000087700000|100%| O|  |TAMS 0x0000000087700000| PB 0x0000000087600000| Untracked 
| 119|0x0000000087700000, 0x0000000087800000, 0x0000000087800000|100%| O|  |TAMS 0x0000000087800000| PB 0x0000000087700000| Untracked 
| 120|0x0000000087800000, 0x0000000087900000, 0x0000000087900000|100%| O|  |TAMS 0x0000000087900000| PB 0x0000000087800000| Untracked 
| 121|0x0000000087900000, 0x0000000087a00000, 0x0000000087a00000|100%| O|  |TAMS 0x0000000087a00000| PB 0x0000000087900000| Untracked 
| 122|0x0000000087a00000, 0x0000000087a00000, 0x0000000087b00000|  0%| F|  |TAMS 0x0000000087a00000| PB 0x0000000087a00000| Untracked 
| 123|0x0000000087b00000, 0x0000000087b00000, 0x0000000087c00000|  0%| F|  |TAMS 0x0000000087b00000| PB 0x0000000087b00000| Untracked 
| 124|0x0000000087c00000, 0x0000000087d00000, 0x0000000087d00000|100%| O|  |TAMS 0x0000000087d00000| PB 0x0000000087c00000| Untracked 
| 125|0x0000000087d00000, 0x0000000087e00000, 0x0000000087e00000|100%| O|  |TAMS 0x0000000087e00000| PB 0x0000000087d00000| Untracked 
| 126|0x0000000087e00000, 0x0000000087f00000, 0x0000000087f00000|100%| O|  |TAMS 0x0000000087f00000| PB 0x0000000087e00000| Untracked 
| 127|0x0000000087f00000, 0x0000000088000000, 0x0000000088000000|100%| O|  |TAMS 0x0000000088000000| PB 0x0000000087f00000| Untracked 
| 128|0x0000000088000000, 0x0000000088100000, 0x0000000088100000|100%| O|  |TAMS 0x0000000088100000| PB 0x0000000088000000| Untracked 
| 129|0x0000000088100000, 0x0000000088200000, 0x0000000088200000|100%| O|  |TAMS 0x0000000088200000| PB 0x0000000088100000| Untracked 
| 130|0x0000000088200000, 0x0000000088300000, 0x0000000088300000|100%|HS|  |TAMS 0x0000000088300000| PB 0x0000000088200000| Complete 
| 131|0x0000000088300000, 0x0000000088400000, 0x0000000088400000|100%|HS|  |TAMS 0x0000000088400000| PB 0x0000000088300000| Complete 
| 132|0x0000000088400000, 0x0000000088500000, 0x0000000088500000|100%| O|  |TAMS 0x0000000088500000| PB 0x0000000088400000| Untracked 
| 133|0x0000000088500000, 0x0000000088600000, 0x0000000088600000|100%| O|  |TAMS 0x0000000088600000| PB 0x0000000088500000| Untracked 
| 134|0x0000000088600000, 0x0000000088700000, 0x0000000088700000|100%| O|  |TAMS 0x0000000088700000| PB 0x0000000088600000| Untracked 
| 135|0x0000000088700000, 0x0000000088800000, 0x0000000088800000|100%| O|  |TAMS 0x0000000088800000| PB 0x0000000088700000| Untracked 
| 136|0x0000000088800000, 0x0000000088900000, 0x0000000088900000|100%| O|  |TAMS 0x0000000088900000| PB 0x0000000088800000| Untracked 
| 137|0x0000000088900000, 0x0000000088a00000, 0x0000000088a00000|100%|HS|  |TAMS 0x0000000088a00000| PB 0x0000000088900000| Complete 
| 138|0x0000000088a00000, 0x0000000088b00000, 0x0000000088b00000|100%|HS|  |TAMS 0x0000000088b00000| PB 0x0000000088a00000| Complete 
| 139|0x0000000088b00000, 0x0000000088c00000, 0x0000000088c00000|100%|HC|  |TAMS 0x0000000088c00000| PB 0x0000000088b00000| Complete 
| 140|0x0000000088c00000, 0x0000000088d00000, 0x0000000088d00000|100%| O|  |TAMS 0x0000000088d00000| PB 0x0000000088c00000| Untracked 
| 141|0x0000000088d00000, 0x0000000088e00000, 0x0000000088e00000|100%| O|  |TAMS 0x0000000088e00000| PB 0x0000000088d00000| Untracked 
| 142|0x0000000088e00000, 0x0000000088f00000, 0x0000000088f00000|100%| O|  |TAMS 0x0000000088f00000| PB 0x0000000088e00000| Untracked 
| 143|0x0000000088f00000, 0x0000000089000000, 0x0000000089000000|100%| O|  |TAMS 0x0000000089000000| PB 0x0000000088f00000| Untracked 
| 144|0x0000000089000000, 0x0000000089100000, 0x0000000089100000|100%| O|  |TAMS 0x0000000089100000| PB 0x0000000089000000| Untracked 
| 145|0x0000000089100000, 0x0000000089100000, 0x0000000089200000|  0%| F|  |TAMS 0x0000000089100000| PB 0x0000000089100000| Untracked 
| 146|0x0000000089200000, 0x0000000089200000, 0x0000000089300000|  0%| F|  |TAMS 0x0000000089200000| PB 0x0000000089200000| Untracked 
| 147|0x0000000089300000, 0x0000000089300000, 0x0000000089400000|  0%| F|  |TAMS 0x0000000089300000| PB 0x0000000089300000| Untracked 
| 148|0x0000000089400000, 0x0000000089400000, 0x0000000089500000|  0%| F|  |TAMS 0x0000000089400000| PB 0x0000000089400000| Untracked 
| 149|0x0000000089500000, 0x0000000089500000, 0x0000000089600000|  0%| F|  |TAMS 0x0000000089500000| PB 0x0000000089500000| Untracked 
| 150|0x0000000089600000, 0x0000000089600000, 0x0000000089700000|  0%| F|  |TAMS 0x0000000089600000| PB 0x0000000089600000| Untracked 
| 151|0x0000000089700000, 0x0000000089700000, 0x0000000089800000|  0%| F|  |TAMS 0x0000000089700000| PB 0x0000000089700000| Untracked 
| 152|0x0000000089800000, 0x0000000089838690, 0x0000000089900000| 22%| S|CS|TAMS 0x0000000089800000| PB 0x0000000089800000| Complete 
| 153|0x0000000089900000, 0x0000000089a00000, 0x0000000089a00000|100%| S|CS|TAMS 0x0000000089900000| PB 0x0000000089900000| Complete 
| 154|0x0000000089a00000, 0x0000000089b00000, 0x0000000089b00000|100%| S|CS|TAMS 0x0000000089a00000| PB 0x0000000089a00000| Complete 
| 155|0x0000000089b00000, 0x0000000089c00000, 0x0000000089c00000|100%| S|CS|TAMS 0x0000000089b00000| PB 0x0000000089b00000| Complete 
| 156|0x0000000089c00000, 0x0000000089d00000, 0x0000000089d00000|100%| S|CS|TAMS 0x0000000089c00000| PB 0x0000000089c00000| Complete 
| 157|0x0000000089d00000, 0x0000000089e00000, 0x0000000089e00000|100%| S|CS|TAMS 0x0000000089d00000| PB 0x0000000089d00000| Complete 
| 158|0x0000000089e00000, 0x0000000089f00000, 0x0000000089f00000|100%| S|CS|TAMS 0x0000000089e00000| PB 0x0000000089e00000| Complete 
| 159|0x0000000089f00000, 0x0000000089f00000, 0x000000008a000000|  0%| F|  |TAMS 0x0000000089f00000| PB 0x0000000089f00000| Untracked 
| 160|0x000000008a000000, 0x000000008a000000, 0x000000008a100000|  0%| F|  |TAMS 0x000000008a000000| PB 0x000000008a000000| Untracked 
| 161|0x000000008a100000, 0x000000008a100000, 0x000000008a200000|  0%| F|  |TAMS 0x000000008a100000| PB 0x000000008a100000| Untracked 
| 162|0x000000008a200000, 0x000000008a200000, 0x000000008a300000|  0%| F|  |TAMS 0x000000008a200000| PB 0x000000008a200000| Untracked 
| 163|0x000000008a300000, 0x000000008a300000, 0x000000008a400000|  0%| F|  |TAMS 0x000000008a300000| PB 0x000000008a300000| Untracked 
| 164|0x000000008a400000, 0x000000008a400000, 0x000000008a500000|  0%| F|  |TAMS 0x000000008a400000| PB 0x000000008a400000| Untracked 
| 165|0x000000008a500000, 0x000000008a500000, 0x000000008a600000|  0%| F|  |TAMS 0x000000008a500000| PB 0x000000008a500000| Untracked 
| 166|0x000000008a600000, 0x000000008a700000, 0x000000008a700000|100%| S|CS|TAMS 0x000000008a600000| PB 0x000000008a600000| Complete 
| 167|0x000000008a700000, 0x000000008a700000, 0x000000008a800000|  0%| F|  |TAMS 0x000000008a700000| PB 0x000000008a700000| Untracked 
| 168|0x000000008a800000, 0x000000008a800000, 0x000000008a900000|  0%| F|  |TAMS 0x000000008a800000| PB 0x000000008a800000| Untracked 
| 169|0x000000008a900000, 0x000000008a900000, 0x000000008aa00000|  0%| F|  |TAMS 0x000000008a900000| PB 0x000000008a900000| Untracked 
| 170|0x000000008aa00000, 0x000000008aa00000, 0x000000008ab00000|  0%| F|  |TAMS 0x000000008aa00000| PB 0x000000008aa00000| Untracked 
| 171|0x000000008ab00000, 0x000000008ab00000, 0x000000008ac00000|  0%| F|  |TAMS 0x000000008ab00000| PB 0x000000008ab00000| Untracked 
| 172|0x000000008ac00000, 0x000000008ac00000, 0x000000008ad00000|  0%| F|  |TAMS 0x000000008ac00000| PB 0x000000008ac00000| Untracked 
| 173|0x000000008ad00000, 0x000000008ad00000, 0x000000008ae00000|  0%| F|  |TAMS 0x000000008ad00000| PB 0x000000008ad00000| Untracked 
| 174|0x000000008ae00000, 0x000000008ae00000, 0x000000008af00000|  0%| F|  |TAMS 0x000000008ae00000| PB 0x000000008ae00000| Untracked 
| 175|0x000000008af00000, 0x000000008af00000, 0x000000008b000000|  0%| F|  |TAMS 0x000000008af00000| PB 0x000000008af00000| Untracked 
| 176|0x000000008b000000, 0x000000008b000000, 0x000000008b100000|  0%| F|  |TAMS 0x000000008b000000| PB 0x000000008b000000| Untracked 
| 177|0x000000008b100000, 0x000000008b100000, 0x000000008b200000|  0%| F|  |TAMS 0x000000008b100000| PB 0x000000008b100000| Untracked 
| 178|0x000000008b200000, 0x000000008b200000, 0x000000008b300000|  0%| F|  |TAMS 0x000000008b200000| PB 0x000000008b200000| Untracked 
| 179|0x000000008b300000, 0x000000008b300000, 0x000000008b400000|  0%| F|  |TAMS 0x000000008b300000| PB 0x000000008b300000| Untracked 
| 180|0x000000008b400000, 0x000000008b400000, 0x000000008b500000|  0%| F|  |TAMS 0x000000008b400000| PB 0x000000008b400000| Untracked 
| 181|0x000000008b500000, 0x000000008b500000, 0x000000008b600000|  0%| F|  |TAMS 0x000000008b500000| PB 0x000000008b500000| Untracked 
| 182|0x000000008b600000, 0x000000008b600000, 0x000000008b700000|  0%| F|  |TAMS 0x000000008b600000| PB 0x000000008b600000| Untracked 
| 183|0x000000008b700000, 0x000000008b700000, 0x000000008b800000|  0%| F|  |TAMS 0x000000008b700000| PB 0x000000008b700000| Untracked 
| 184|0x000000008b800000, 0x000000008b800000, 0x000000008b900000|  0%| F|  |TAMS 0x000000008b800000| PB 0x000000008b800000| Untracked 
| 185|0x000000008b900000, 0x000000008b900000, 0x000000008ba00000|  0%| F|  |TAMS 0x000000008b900000| PB 0x000000008b900000| Untracked 
| 186|0x000000008ba00000, 0x000000008ba00000, 0x000000008bb00000|  0%| F|  |TAMS 0x000000008ba00000| PB 0x000000008ba00000| Untracked 
| 187|0x000000008bb00000, 0x000000008bb00000, 0x000000008bc00000|  0%| F|  |TAMS 0x000000008bb00000| PB 0x000000008bb00000| Untracked 
| 188|0x000000008bc00000, 0x000000008bc00000, 0x000000008bd00000|  0%| F|  |TAMS 0x000000008bc00000| PB 0x000000008bc00000| Untracked 
| 189|0x000000008bd00000, 0x000000008bd00000, 0x000000008be00000|  0%| F|  |TAMS 0x000000008bd00000| PB 0x000000008bd00000| Untracked 
| 190|0x000000008be00000, 0x000000008be00000, 0x000000008bf00000|  0%| F|  |TAMS 0x000000008be00000| PB 0x000000008be00000| Untracked 
| 191|0x000000008bf00000, 0x000000008bf00000, 0x000000008c000000|  0%| F|  |TAMS 0x000000008bf00000| PB 0x000000008bf00000| Untracked 
| 192|0x000000008c000000, 0x000000008c000000, 0x000000008c100000|  0%| F|  |TAMS 0x000000008c000000| PB 0x000000008c000000| Untracked 
| 193|0x000000008c100000, 0x000000008c100000, 0x000000008c200000|  0%| F|  |TAMS 0x000000008c100000| PB 0x000000008c100000| Untracked 
| 194|0x000000008c200000, 0x000000008c217ae8, 0x000000008c300000|  9%| E|  |TAMS 0x000000008c200000| PB 0x000000008c200000| Complete 
| 195|0x000000008c300000, 0x000000008c400000, 0x000000008c400000|100%| E|CS|TAMS 0x000000008c300000| PB 0x000000008c300000| Complete 
| 196|0x000000008c400000, 0x000000008c500000, 0x000000008c500000|100%| E|CS|TAMS 0x000000008c400000| PB 0x000000008c400000| Complete 
| 197|0x000000008c500000, 0x000000008c600000, 0x000000008c600000|100%| E|CS|TAMS 0x000000008c500000| PB 0x000000008c500000| Complete 
| 198|0x000000008c600000, 0x000000008c6ff998, 0x000000008c700000| 99%| E|  |TAMS 0x000000008c600000| PB 0x000000008c600000| Complete 
| 199|0x000000008c700000, 0x000000008c800000, 0x000000008c800000|100%| E|CS|TAMS 0x000000008c700000| PB 0x000000008c700000| Complete 
| 200|0x000000008c800000, 0x000000008c900000, 0x000000008c900000|100%| E|CS|TAMS 0x000000008c800000| PB 0x000000008c800000| Complete 
| 201|0x000000008c900000, 0x000000008ca00000, 0x000000008ca00000|100%| E|CS|TAMS 0x000000008c900000| PB 0x000000008c900000| Complete 
| 202|0x000000008ca00000, 0x000000008cb00000, 0x000000008cb00000|100%| E|CS|TAMS 0x000000008ca00000| PB 0x000000008ca00000| Complete 
| 203|0x000000008cb00000, 0x000000008cc00000, 0x000000008cc00000|100%| E|CS|TAMS 0x000000008cb00000| PB 0x000000008cb00000| Complete 
| 204|0x000000008cc00000, 0x000000008cd00000, 0x000000008cd00000|100%| E|CS|TAMS 0x000000008cc00000| PB 0x000000008cc00000| Complete 
| 205|0x000000008cd00000, 0x000000008ce00000, 0x000000008ce00000|100%| E|CS|TAMS 0x000000008cd00000| PB 0x000000008cd00000| Complete 
| 206|0x000000008ce00000, 0x000000008cf00000, 0x000000008cf00000|100%| E|CS|TAMS 0x000000008ce00000| PB 0x000000008ce00000| Complete 
| 207|0x000000008cf00000, 0x000000008d000000, 0x000000008d000000|100%| E|CS|TAMS 0x000000008cf00000| PB 0x000000008cf00000| Complete 
| 208|0x000000008d000000, 0x000000008d100000, 0x000000008d100000|100%| E|CS|TAMS 0x000000008d000000| PB 0x000000008d000000| Complete 
| 209|0x000000008d100000, 0x000000008d200000, 0x000000008d200000|100%| E|CS|TAMS 0x000000008d100000| PB 0x000000008d100000| Complete 
| 210|0x000000008d200000, 0x000000008d300000, 0x000000008d300000|100%| E|CS|TAMS 0x000000008d200000| PB 0x000000008d200000| Complete 
| 211|0x000000008d300000, 0x000000008d400000, 0x000000008d400000|100%| E|CS|TAMS 0x000000008d300000| PB 0x000000008d300000| Complete 
| 212|0x000000008d400000, 0x000000008d500000, 0x000000008d500000|100%| E|CS|TAMS 0x000000008d400000| PB 0x000000008d400000| Complete 
| 213|0x000000008d500000, 0x000000008d600000, 0x000000008d600000|100%| E|CS|TAMS 0x000000008d500000| PB 0x000000008d500000| Complete 
| 214|0x000000008d600000, 0x000000008d700000, 0x000000008d700000|100%| E|CS|TAMS 0x000000008d600000| PB 0x000000008d600000| Complete 
| 215|0x000000008d700000, 0x000000008d800000, 0x000000008d800000|100%| E|CS|TAMS 0x000000008d700000| PB 0x000000008d700000| Complete 
| 275|0x0000000091300000, 0x0000000091400000, 0x0000000091400000|100%| E|CS|TAMS 0x0000000091300000| PB 0x0000000091300000| Complete 
| 276|0x0000000091400000, 0x0000000091500000, 0x0000000091500000|100%| E|CS|TAMS 0x0000000091400000| PB 0x0000000091400000| Complete 
| 277|0x0000000091500000, 0x0000000091600000, 0x0000000091600000|100%| E|CS|TAMS 0x0000000091500000| PB 0x0000000091500000| Complete 
| 278|0x0000000091600000, 0x0000000091700000, 0x0000000091700000|100%| E|CS|TAMS 0x0000000091600000| PB 0x0000000091600000| Complete 
| 279|0x0000000091700000, 0x0000000091800000, 0x0000000091800000|100%| E|CS|TAMS 0x0000000091700000| PB 0x0000000091700000| Complete 
| 280|0x0000000091800000, 0x0000000091900000, 0x0000000091900000|100%| E|CS|TAMS 0x0000000091800000| PB 0x0000000091800000| Complete 
| 281|0x0000000091900000, 0x0000000091a00000, 0x0000000091a00000|100%| E|CS|TAMS 0x0000000091900000| PB 0x0000000091900000| Complete 
| 282|0x0000000091a00000, 0x0000000091b00000, 0x0000000091b00000|100%| E|CS|TAMS 0x0000000091a00000| PB 0x0000000091a00000| Complete 
| 283|0x0000000091b00000, 0x0000000091c00000, 0x0000000091c00000|100%| E|CS|TAMS 0x0000000091b00000| PB 0x0000000091b00000| Complete 
| 284|0x0000000091c00000, 0x0000000091d00000, 0x0000000091d00000|100%| E|CS|TAMS 0x0000000091c00000| PB 0x0000000091c00000| Complete 
| 311|0x0000000093700000, 0x0000000093800000, 0x0000000093800000|100%| E|CS|TAMS 0x0000000093700000| PB 0x0000000093700000| Complete 
|2043|0x00000000ffb00000, 0x00000000ffc00000, 0x00000000ffc00000|100%| O|  |TAMS 0x00000000ffc00000| PB 0x00000000ffb00000| Untracked 
|2044|0x00000000ffc00000, 0x00000000ffd00000, 0x00000000ffd00000|100%| O|  |TAMS 0x00000000ffd00000| PB 0x00000000ffc00000| Untracked 
|2045|0x00000000ffd00000, 0x00000000ffe00000, 0x00000000ffe00000|100%| O|  |TAMS 0x00000000ffe00000| PB 0x00000000ffd00000| Untracked 
|2046|0x00000000ffe00000, 0x00000000fff00000, 0x00000000fff00000|100%| E|CS|TAMS 0x00000000ffe00000| PB 0x00000000ffe00000| Complete 
|2047|0x00000000fff00000, 0x0000000100000000, 0x0000000100000000|100%| O|  |TAMS 0x0000000100000000| PB 0x00000000fff00000| Untracked 

Card table byte_map: [0x0000019645d80000,0x0000019646180000] _byte_map_base: 0x0000019645980000

Marking Bits: (CMBitMap*) 0x00000196313e6f70
 Bits: [0x0000019646180000, 0x0000019648180000)

Polling page: 0x0000019631450000

Metaspace:

Usage:
  Non-class:    127.83 MB used.
      Class:     18.69 MB used.
       Both:    146.52 MB used.

Virtual space:
  Non-class space:      192.00 MB reserved,     128.94 MB ( 67%) committed,  3 nodes.
      Class space:        1.00 GB reserved,      19.81 MB (  2%) committed,  1 nodes.
             Both:        1.19 GB reserved,     148.75 MB ( 12%) committed. 

Chunk freelists:
   Non-Class:  14.97 MB
       Class:  12.11 MB
        Both:  27.08 MB

MaxMetaspaceSize: unlimited
CompressedClassSpaceSize: 1.00 GB
Initial GC threshold: 21.00 MB
Current GC threshold: 245.88 MB
CDS: off
 - commit_granule_bytes: 65536.
 - commit_granule_words: 8192.
 - virtual_space_node_default_size: 8388608.
 - enlarge_chunks_in_place: 1.
 - use_allocation_guard: 0.


Internal statistics:

num_allocs_failed_limit: 6.
num_arena_births: 4254.
num_arena_deaths: 0.
num_vsnodes_births: 4.
num_vsnodes_deaths: 0.
num_space_committed: 2378.
num_space_uncommitted: 0.
num_chunks_returned_to_freelist: 6.
num_chunks_taken_from_freelist: 9957.
num_chunk_merges: 6.
num_chunk_splits: 7035.
num_chunks_enlarged: 4955.
num_inconsistent_stats: 0.

CodeHeap 'non-profiled nmethods': size=120000Kb used=6707Kb max_used=6707Kb free=113292Kb
 bounds [0x000001963d7b0000, 0x000001963de40000, 0x0000019644ce0000]
CodeHeap 'profiled nmethods': size=120000Kb used=25126Kb max_used=25126Kb free=94874Kb
 bounds [0x0000019635ce0000, 0x0000019637570000, 0x000001963d210000]
CodeHeap 'non-nmethods': size=5760Kb used=3145Kb max_used=3161Kb free=2614Kb
 bounds [0x000001963d210000, 0x000001963d530000, 0x000001963d7b0000]
 total_blobs=13746 nmethods=12579 adapters=1064
 compilation: enabled
              stopped_count=0, restarted_count=0
 full_count=0

Compilation events (20 events):
Event: 38.853 Thread 0x000001964b01cd60 14339       2       org.gradle.internal.hash.Hashing::newPrimitiveHasher (9 bytes)
Event: 39.849 Thread 0x000001964b01cd60 nmethod 14339 0x0000019637562890 code [0x0000019637562a80, 0x0000019637562e38]
Event: 39.849 Thread 0x000001964b01cd60 14342       2       net.rubygrapefruit.platform.internal.WindowsFileStat::details (24 bytes)
Event: 39.849 Thread 0x000001964b01cd60 nmethod 14342 0x0000019637563090 code [0x0000019637563240, 0x00000196375634d0]
Event: 39.849 Thread 0x000001964b01cd60 14343       2       net.rubygrapefruit.platform.internal.WindowsFileTime::toJavaTime (18 bytes)
Event: 39.850 Thread 0x000001964b01cd60 nmethod 14343 0x0000019637563690 code [0x0000019637563840, 0x00000196375639a8]
Event: 39.850 Thread 0x000001964b01cd60 14340   !   2       org.gradle.internal.hash.DefaultFileHasher::hash (71 bytes)
Event: 39.851 Thread 0x000001964b01cd60 nmethod 14340 0x0000019637563a90 code [0x0000019637563d00, 0x0000019637564528]
Event: 39.851 Thread 0x000001964b01cd60 14341   !   2       org.gradle.internal.hash.DefaultStreamHasher::hash (21 bytes)
Event: 39.851 Thread 0x000001964b01cd60 nmethod 14341 0x0000019637564a10 code [0x0000019637564be0, 0x0000019637564df8]
Event: 39.851 Thread 0x000001964b01cd60 14348       1       org.gradle.api.internal.artifacts.transform.TransformingAsyncArtifactListener$1::requireArtifactFiles (2 bytes)
Event: 39.852 Thread 0x000001964b01cd60 nmethod 14348 0x000001963de3ba10 code [0x000001963de3bba0, 0x000001963de3bc68]
Event: 39.852 Thread 0x000001964b01cd60 14346       1       org.slf4j.helpers.NOPLogger::isWarnEnabled (2 bytes)
Event: 39.852 Thread 0x000001964b01cd60 nmethod 14346 0x000001963de3bd10 code [0x000001963de3bea0, 0x000001963de3bf68]
Event: 39.852 Thread 0x000001964b01cd60 14344       1       org.gradle.internal.execution.history.ImmutableWorkspaceMetadata::getOutputPropertyHashes (5 bytes)
Event: 39.852 Thread 0x000001964b01cd60 nmethod 14344 0x000001963de3c010 code [0x000001963de3c1a0, 0x000001963de3c268]
Event: 39.852 Thread 0x000001964b01cd60 14347       1       org.gradle.api.internal.artifacts.transform.NonNormalizedIdentityImmutableTransformExecution::getWorkspaceProvider (5 bytes)
Event: 39.852 Thread 0x000001964b01cd60 nmethod 14347 0x000001963de3c310 code [0x000001963de3c4a0, 0x000001963de3c568]
Event: 39.852 Thread 0x000001964b01cd60 14345       1       org.gradle.internal.execution.history.ImmutableWorkspaceMetadata::getOriginMetadata (5 bytes)
Event: 39.852 Thread 0x000001964b01cd60 nmethod 14345 0x000001963de3c610 code [0x000001963de3c7a0, 0x000001963de3c868]

GC Heap History (20 events):
Event: 27.446 GC heap before
{Heap before GC invocations=31 (full 0):
 garbage-first heap   total 183296K, used 164615K [0x0000000080000000, 0x0000000100000000)
  region size 1024K, 57 young (58368K), 7 survivors (7168K)
 Metaspace       used 110161K, committed 112192K, reserved 1179648K
  class space    used 14333K, committed 15360K, reserved 1048576K
}
Event: 27.456 GC heap after
{Heap after GC invocations=32 (full 0):
 garbage-first heap   total 183296K, used 117461K [0x0000000080000000, 0x0000000100000000)
  region size 1024K, 8 young (8192K), 8 survivors (8192K)
 Metaspace       used 110161K, committed 112192K, reserved 1179648K
  class space    used 14333K, committed 15360K, reserved 1048576K
}
Event: 28.538 GC heap before
{Heap before GC invocations=33 (full 0):
 garbage-first heap   total 198656K, used 161493K [0x0000000080000000, 0x0000000100000000)
  region size 1024K, 52 young (53248K), 8 survivors (8192K)
 Metaspace       used 117571K, committed 119616K, reserved 1179648K
  class space    used 15013K, committed 16064K, reserved 1048576K
}
Event: 28.546 GC heap after
{Heap after GC invocations=34 (full 0):
 garbage-first heap   total 198656K, used 119023K [0x0000000080000000, 0x0000000100000000)
  region size 1024K, 6 young (6144K), 6 survivors (6144K)
 Metaspace       used 117571K, committed 119616K, reserved 1179648K
  class space    used 15013K, committed 16064K, reserved 1048576K
}
Event: 29.748 GC heap before
{Heap before GC invocations=34 (full 0):
 garbage-first heap   total 198656K, used 180463K [0x0000000080000000, 0x0000000100000000)
  region size 1024K, 65 young (66560K), 6 survivors (6144K)
 Metaspace       used 122091K, committed 124160K, reserved 1179648K
  class space    used 15512K, committed 16576K, reserved 1048576K
}
Event: 29.758 GC heap after
{Heap after GC invocations=35 (full 0):
 garbage-first heap   total 198656K, used 125196K [0x0000000080000000, 0x0000000100000000)
  region size 1024K, 9 young (9216K), 9 survivors (9216K)
 Metaspace       used 122091K, committed 124160K, reserved 1179648K
  class space    used 15512K, committed 16576K, reserved 1048576K
}
Event: 30.674 GC heap before
{Heap before GC invocations=35 (full 0):
 garbage-first heap   total 198656K, used 177420K [0x0000000080000000, 0x0000000100000000)
  region size 1024K, 60 young (61440K), 9 survivors (9216K)
 Metaspace       used 123274K, committed 125312K, reserved 1179648K
  class space    used 15600K, committed 16640K, reserved 1048576K
}
Event: 30.687 GC heap after
{Heap after GC invocations=36 (full 0):
 garbage-first heap   total 198656K, used 131558K [0x0000000080000000, 0x0000000100000000)
  region size 1024K, 7 young (7168K), 7 survivors (7168K)
 Metaspace       used 123274K, committed 125312K, reserved 1179648K
  class space    used 15600K, committed 16640K, reserved 1048576K
}
Event: 32.311 GC heap before
{Heap before GC invocations=37 (full 0):
 garbage-first heap   total 220160K, used 177638K [0x0000000080000000, 0x0000000100000000)
  region size 1024K, 53 young (54272K), 7 survivors (7168K)
 Metaspace       used 131135K, committed 133312K, reserved 1179648K
  class space    used 16727K, committed 17792K, reserved 1048576K
}
Event: 32.320 GC heap after
{Heap after GC invocations=38 (full 0):
 garbage-first heap   total 220160K, used 134144K [0x0000000080000000, 0x0000000100000000)
  region size 1024K, 3 young (3072K), 3 survivors (3072K)
 Metaspace       used 131135K, committed 133312K, reserved 1179648K
  class space    used 16727K, committed 17792K, reserved 1048576K
}
Event: 34.235 GC heap before
{Heap before GC invocations=38 (full 0):
 garbage-first heap   total 220160K, used 198656K [0x0000000080000000, 0x0000000100000000)
  region size 1024K, 67 young (68608K), 3 survivors (3072K)
 Metaspace       used 137638K, committed 139776K, reserved 1179648K
  class space    used 17565K, committed 18624K, reserved 1048576K
}
Event: 34.243 GC heap after
{Heap after GC invocations=39 (full 0):
 garbage-first heap   total 220160K, used 137711K [0x0000000080000000, 0x0000000100000000)
  region size 1024K, 8 young (8192K), 8 survivors (8192K)
 Metaspace       used 137638K, committed 139776K, reserved 1179648K
  class space    used 17565K, committed 18624K, reserved 1048576K
}
Event: 36.906 GC heap before
{Heap before GC invocations=39 (full 0):
 garbage-first heap   total 220160K, used 199151K [0x0000000080000000, 0x0000000100000000)
  region size 1024K, 68 young (69632K), 8 survivors (8192K)
 Metaspace       used 148709K, committed 150976K, reserved 1179648K
  class space    used 19001K, committed 20160K, reserved 1048576K
}
Event: 36.917 GC heap after
{Heap after GC invocations=40 (full 0):
 garbage-first heap   total 220160K, used 142015K [0x0000000080000000, 0x0000000100000000)
  region size 1024K, 5 young (5120K), 5 survivors (5120K)
 Metaspace       used 148709K, committed 150976K, reserved 1179648K
  class space    used 19001K, committed 20160K, reserved 1048576K
}
Event: 38.252 GC heap before
{Heap before GC invocations=41 (full 0):
 garbage-first heap   total 237568K, used 202431K [0x0000000080000000, 0x0000000100000000)
  region size 1024K, 63 young (64512K), 5 survivors (5120K)
 Metaspace       used 149823K, committed 152128K, reserved 1245184K
  class space    used 19132K, committed 20288K, reserved 1048576K
}
Event: 38.261 GC heap after
{Heap after GC invocations=42 (full 0):
 garbage-first heap   total 237568K, used 149962K [0x0000000080000000, 0x0000000100000000)
  region size 1024K, 7 young (7168K), 7 survivors (7168K)
 Metaspace       used 149823K, committed 152128K, reserved 1245184K
  class space    used 19132K, committed 20288K, reserved 1048576K
}
Event: 38.510 GC heap before
{Heap before GC invocations=42 (full 0):
 garbage-first heap   total 237568K, used 217546K [0x0000000080000000, 0x0000000100000000)
  region size 1024K, 72 young (73728K), 7 survivors (7168K)
 Metaspace       used 149922K, committed 152256K, reserved 1245184K
  class space    used 19133K, committed 20288K, reserved 1048576K
}
Event: 38.517 GC heap after
{Heap after GC invocations=43 (full 0):
 garbage-first heap   total 237568K, used 155664K [0x0000000080000000, 0x0000000100000000)
  region size 1024K, 5 young (5120K), 5 survivors (5120K)
 Metaspace       used 149922K, committed 152256K, reserved 1245184K
  class space    used 19133K, committed 20288K, reserved 1048576K
}
Event: 38.735 GC heap before
{Heap before GC invocations=43 (full 0):
 garbage-first heap   total 237568K, used 217104K [0x0000000080000000, 0x0000000100000000)
  region size 1024K, 67 young (68608K), 5 survivors (5120K)
 Metaspace       used 149999K, committed 152320K, reserved 1245184K
  class space    used 19133K, committed 20288K, reserved 1048576K
}
Event: 38.741 GC heap after
{Heap after GC invocations=44 (full 0):
 garbage-first heap   total 237568K, used 154131K [0x0000000080000000, 0x0000000100000000)
  region size 1024K, 7 young (7168K), 7 survivors (7168K)
 Metaspace       used 149999K, committed 152320K, reserved 1245184K
  class space    used 19133K, committed 20288K, reserved 1048576K
}

Dll operation events (3 events):
Event: 0.019 Loaded shared library C:\Program Files\Android\Android Studio\jbr\bin\java.dll
Event: 0.028 Loaded shared library C:\Program Files\Android\Android Studio\jbr\bin\zip.dll
Event: 0.908 Loaded shared library C:\Program Files\Android\Android Studio\jbr\bin\verify.dll

Deoptimization events (20 events):
Event: 38.524 Thread 0x000001965661dca0 DEOPT PACKING pc=0x0000019637486682 sp=0x00000088fbcfaf70
Event: 38.524 Thread 0x000001965661dca0 DEOPT UNPACKING pc=0x000001963d264e42 sp=0x00000088fbcfa428 mode 0
Event: 38.524 Thread 0x000001965661d610 DEOPT PACKING pc=0x00000196374f6130 sp=0x00000088fbbfb680
Event: 38.524 Thread 0x000001965661d610 DEOPT UNPACKING pc=0x000001963d264e42 sp=0x00000088fbbfab90 mode 0
Event: 38.525 Thread 0x000001965661cf80 DEOPT PACKING pc=0x0000019637486682 sp=0x00000088fbafb5b0
Event: 38.525 Thread 0x000001965661cf80 DEOPT UNPACKING pc=0x000001963d264e42 sp=0x00000088fbafaa68 mode 0
Event: 38.527 Thread 0x0000019656620400 DEOPT PACKING pc=0x0000019637486682 sp=0x00000088fb9fb0f0
Event: 38.527 Thread 0x0000019656620400 DEOPT UNPACKING pc=0x000001963d264e42 sp=0x00000088fb9fa5a8 mode 0
Event: 38.528 Thread 0x000001965661d610 DEOPT PACKING pc=0x0000019637486682 sp=0x00000088fbbfb700
Event: 38.528 Thread 0x000001965661d610 DEOPT UNPACKING pc=0x000001963d264e42 sp=0x00000088fbbfabb8 mode 0
Event: 38.530 Thread 0x000001965661d610 DEOPT PACKING pc=0x0000019637486682 sp=0x00000088fbbfb700
Event: 38.530 Thread 0x000001965661d610 DEOPT UNPACKING pc=0x000001963d264e42 sp=0x00000088fbbfabb8 mode 0
Event: 38.532 Thread 0x000001965661cf80 DEOPT PACKING pc=0x0000019637486682 sp=0x00000088fbafb5b0
Event: 38.532 Thread 0x000001965661d610 DEOPT PACKING pc=0x0000019637486682 sp=0x00000088fbbfb700
Event: 38.532 Thread 0x000001965661cf80 DEOPT UNPACKING pc=0x000001963d264e42 sp=0x00000088fbafaa68 mode 0
Event: 38.532 Thread 0x000001965661d610 DEOPT UNPACKING pc=0x000001963d264e42 sp=0x00000088fbbfabb8 mode 0
Event: 38.549 Thread 0x00000196567204f0 Uncommon trap: trap_request=0xffffff45 fr.pc=0x000001963db374e0 relative=0x00000000000005a0
Event: 38.549 Thread 0x00000196567204f0 Uncommon trap: reason=unstable_if action=reinterpret pc=0x000001963db374e0 method=java.util.concurrent.ConcurrentLinkedQueue.updateHead(Ljava/util/concurrent/ConcurrentLinkedQueue$Node;Ljava/util/concurrent/ConcurrentLinkedQueue$Node;)V @ 14 c2
Event: 38.549 Thread 0x00000196567204f0 DEOPT PACKING pc=0x000001963db374e0 sp=0x00000088fc1fad30
Event: 38.549 Thread 0x00000196567204f0 DEOPT UNPACKING pc=0x000001963d2646a2 sp=0x00000088fc1fac68 mode 2

Classes loaded (20 events):
Event: 36.523 Loading class javax/net/ssl/SSLEngineResult$HandshakeStatus
Event: 36.524 Loading class javax/net/ssl/SSLEngineResult$HandshakeStatus done
Event: 36.524 Loading class jdk/internal/event/TLSHandshakeEvent
Event: 36.524 Loading class jdk/internal/event/TLSHandshakeEvent done
Event: 36.639 Loading class sun/security/ssl/PostHandshakeContext
Event: 36.640 Loading class sun/security/ssl/PostHandshakeContext done
Event: 36.640 Loading class sun/security/ssl/NewSessionTicket$T13NewSessionTicketMessage
Event: 36.640 Loading class sun/security/ssl/NewSessionTicket$NewSessionTicketMessage
Event: 36.640 Loading class sun/security/ssl/NewSessionTicket$NewSessionTicketMessage done
Event: 36.640 Loading class sun/security/ssl/NewSessionTicket$T13NewSessionTicketMessage done
Event: 36.903 Loading class sun/security/ssl/ServerNameExtension$SHServerNamesSpec
Event: 36.903 Loading class sun/security/ssl/ServerNameExtension$SHServerNamesSpec done
Event: 36.919 Loading class sun/security/ssl/Alert
Event: 36.919 Loading class sun/security/ssl/Alert done
Event: 36.920 Loading class sun/security/ssl/Alert$AlertConsumer
Event: 36.920 Loading class sun/security/ssl/Alert$AlertConsumer done
Event: 36.920 Loading class sun/security/ssl/Alert$Level
Event: 36.920 Loading class sun/security/ssl/Alert$Level done
Event: 37.799 Loading class java/util/LinkedList$LLSpliterator
Event: 37.799 Loading class java/util/LinkedList$LLSpliterator done

Classes unloaded (0 events):
No events

Classes redefined (0 events):
No events

Internal exceptions (20 events):
Event: 34.061 Thread 0x00000196513d73b0 Exception <a 'java/lang/NoSuchMethodError'{0x0000000089778d88}: 'void java.lang.invoke.Invokers$Holder.invokeExact_MT(java.lang.Object, java.lang.Object, long, java.lang.Object)'> (0x0000000089778d88) 
thrown [s\src\hotspot\share\interpreter\linkResolver.cpp, line 784]
Event: 34.081 Thread 0x00000196513d73b0 Exception <a 'java/lang/ClassNotFoundException'{0x00000000896ad1f8}: org/gradle/api/internal/project/DefaultProject_DecoratedBeanInfo> (0x00000000896ad1f8) 
thrown [s\src\hotspot\share\classfile\systemDictionary.cpp, line 312]
Event: 34.082 Thread 0x00000196513d73b0 Exception <a 'java/lang/ClassNotFoundException'{0x00000000896b8c68}: org/gradle/api/internal/project/DefaultProjectBeanInfo> (0x00000000896b8c68) 
thrown [s\src\hotspot\share\classfile\systemDictionary.cpp, line 312]
Event: 34.083 Thread 0x00000196513d73b0 Exception <a 'java/lang/ClassNotFoundException'{0x00000000896c4740}: org/gradle/api/internal/project/DefaultProjectCustomizer> (0x00000000896c4740) 
thrown [s\src\hotspot\share\classfile\systemDictionary.cpp, line 312]
Event: 34.090 Thread 0x00000196513d73b0 Exception <a 'java/lang/ClassNotFoundException'{0x0000000089582be8}: org/gradle/api/internal/project/DefaultProject_DecoratedCustomizer> (0x0000000089582be8) 
thrown [s\src\hotspot\share\classfile\systemDictionary.cpp, line 312]
Event: 34.254 Thread 0x00000196513d73b0 Exception <a 'java/lang/NoSuchMethodError'{0x00000000ffe58230}: 'java.lang.Object java.lang.invoke.DirectMethodHandle$Holder.invokeInterface(java.lang.Object, java.lang.Object, int)'> (0x00000000ffe58230) 
thrown [s\src\hotspot\share\interpreter\linkResolver.cpp, line 784]
Event: 34.351 Thread 0x00000196513d73b0 Exception <a 'java/lang/NoSuchMethodError'{0x0000000091bec340}: 'long java.lang.invoke.DirectMethodHandle$Holder.invokeStatic(java.lang.Object, long)'> (0x0000000091bec340) 
thrown [s\src\hotspot\share\interpreter\linkResolver.cpp, line 784]
Event: 34.456 Thread 0x00000196513d73b0 Exception <a 'java/lang/NoSuchMethodError'{0x0000000091602af8}: 'java.lang.Object java.lang.invoke.DirectMethodHandle$Holder.invokeVirtual(java.lang.Object, java.lang.Object, java.lang.Object, java.lang.Object, java.lang.Object, java.lang.Object, java.lang.Object, java.lang.Object, java.lang.Object, java.lang.Object, java.lang.Object, java.lang.Object, java.lang.Object, java.lang.Object, java.lang.Object, java.lang.Object, java.lang.Object)'> (0x0000000091602af8) 
thrown [s\src\hotspot\share\interpreter\li
Event: 34.457 Thread 0x00000196513d73b0 Exception <a 'java/lang/NoSuchMethodError'{0x0000000091608980}: 'java.lang.Object java.lang.invoke.DirectMethodHandle$Holder.invokeSpecial(java.lang.Object, java.lang.Object, java.lang.Object, java.lang.Object, java.lang.Object, java.lang.Object, java.lang.Object, java.lang.Object, java.lang.Object, java.lang.Object, java.lang.Object, java.lang.Object, java.lang.Object, java.lang.Object, java.lang.Object, java.lang.Object, java.lang.Object, java.lang.Object)'> (0x0000000091608980) 
thrown [s\src\hotspot\sh
Event: 34.457 Thread 0x00000196513d73b0 Exception <a 'java/lang/NoSuchMethodError'{0x000000009160e150}: 'java.lang.Object java.lang.invoke.DelegatingMethodHandle$Holder.reinvoke_L(java.lang.Object, java.lang.Object, java.lang.Object, java.lang.Object, java.lang.Object, java.lang.Object, java.lang.Object, java.lang.Object, java.lang.Object, java.lang.Object, java.lang.Object, java.lang.Object, java.lang.Object, java.lang.Object, java.lang.Object, java.lang.Object, java.lang.Object)'> (0x000000009160e150) 
thrown [s\src\hotspot\share\interpreter\l
Event: 35.021 Thread 0x00000196513d73b0 Exception <a 'sun/nio/fs/WindowsException'{0x000000008bafe110}> (0x000000008bafe110) 
thrown [s\src\hotspot\share\prims\jni.cpp, line 535]
Event: 35.022 Thread 0x00000196513d73b0 Exception <a 'sun/nio/fs/WindowsException'{0x000000008baffd88}> (0x000000008baffd88) 
thrown [s\src\hotspot\share\prims\jni.cpp, line 535]
Event: 35.024 Thread 0x00000196513d73b0 Exception <a 'sun/nio/fs/WindowsException'{0x000000008b907e00}> (0x000000008b907e00) 
thrown [s\src\hotspot\share\prims\jni.cpp, line 535]
Event: 35.165 Thread 0x00000196513d73b0 Exception <a 'java/lang/NoSuchMethodError'{0x000000008b686640}: 'int java.lang.invoke.DirectMethodHandle$Holder.invokeSpecialIFC(java.lang.Object, java.lang.Object, java.lang.Object)'> (0x000000008b686640) 
thrown [s\src\hotspot\share\interpreter\linkResolver.cpp, line 784]
Event: 35.285 Thread 0x00000196513d73b0 Exception <a 'java/lang/NoSuchMethodError'{0x000000008b238358}: 'java.lang.Object java.lang.invoke.DirectMethodHandle$Holder.invokeSpecial(java.lang.Object, java.lang.Object, java.lang.Object, java.lang.Object, java.lang.Object, long)'> (0x000000008b238358) 
thrown [s\src\hotspot\share\interpreter\linkResolver.cpp, line 784]
Event: 35.288 Thread 0x00000196513d73b0 Exception <a 'java/lang/NoSuchMethodError'{0x000000008b257f98}: 'void java.lang.invoke.DirectMethodHandle$Holder.invokeStatic(java.lang.Object, java.lang.Object, java.lang.Object, int, java.lang.Object)'> (0x000000008b257f98) 
thrown [s\src\hotspot\share\interpreter\linkResolver.cpp, line 784]
Event: 35.304 Thread 0x00000196513d73b0 Implicit null exception at 0x000001963dd3451d to 0x000001963dd34784
Event: 35.401 Thread 0x00000196513d73b0 Exception <a 'sun/nio/fs/WindowsException'{0x000000008af29920}> (0x000000008af29920) 
thrown [s\src\hotspot\share\prims\jni.cpp, line 535]
Event: 36.921 Thread 0x000001964aff3940 Implicit null exception at 0x000001963dbe1c0b to 0x000001963dbe1ccc
Event: 37.800 Thread 0x00000196513d73b0 Exception <a 'java/lang/IncompatibleClassChangeError'{0x000000008d73c0b0}: Found class java.lang.Object, but interface was expected> (0x000000008d73c0b0) 
thrown [s\src\hotspot\share\interpreter\linkResolver.cpp, line 851]

ZGC Phase Switch (0 events):
No events

VM Operations (20 events):
Event: 37.659 Executing VM operation: HandshakeAllThreads (Deoptimize)
Event: 37.660 Executing VM operation: HandshakeAllThreads (Deoptimize) done
Event: 38.043 Executing VM operation: ICBufferFull
Event: 38.044 Executing VM operation: ICBufferFull done
Event: 38.076 Executing VM operation: HandshakeAllThreads (Deoptimize)
Event: 38.076 Executing VM operation: HandshakeAllThreads (Deoptimize) done
Event: 38.251 Executing VM operation: G1CollectForAllocation (G1 Evacuation Pause)
Event: 38.251 Executing VM operation: G1CollectForAllocation (G1 Evacuation Pause) done
Event: 38.252 Executing VM operation: G1CollectForAllocation (GCLocker Initiated GC)
Event: 38.261 Executing VM operation: G1CollectForAllocation (GCLocker Initiated GC) done
Event: 38.508 Executing VM operation: G1CollectForAllocation (G1 Evacuation Pause)
Event: 38.508 Executing VM operation: G1CollectForAllocation (G1 Evacuation Pause) done
Event: 38.510 Executing VM operation: G1CollectForAllocation (GCLocker Initiated GC)
Event: 38.518 Executing VM operation: G1CollectForAllocation (GCLocker Initiated GC) done
Event: 38.734 Executing VM operation: G1CollectForAllocation (G1 Evacuation Pause)
Event: 38.734 Executing VM operation: G1CollectForAllocation (G1 Evacuation Pause) done
Event: 38.734 Executing VM operation: G1CollectForAllocation (GCLocker Initiated GC)
Event: 38.741 Executing VM operation: G1CollectForAllocation (GCLocker Initiated GC) done
Event: 39.742 Executing VM operation: Cleanup
Event: 39.742 Executing VM operation: Cleanup done

Memory protections (0 events):
No events

Nmethod flushes (20 events):
Event: 36.994 Thread 0x000001964ae964d0 flushing  nmethod 0x0000019636890290
Event: 36.994 Thread 0x000001964ae964d0 flushing  nmethod 0x0000019636895410
Event: 36.994 Thread 0x000001964ae964d0 flushing  nmethod 0x0000019636c1ea10
Event: 36.994 Thread 0x000001964ae964d0 flushing  nmethod 0x000001963da2f890
Event: 36.994 Thread 0x000001964ae964d0 flushing  nmethod 0x000001963dc53310
Event: 36.994 Thread 0x000001964ae964d0 flushing  nmethod 0x0000019635f65b90
Event: 36.994 Thread 0x000001964ae964d0 flushing  nmethod 0x00000196360bfe10
Event: 36.994 Thread 0x000001964ae964d0 flushing  nmethod 0x00000196360c7490
Event: 36.994 Thread 0x000001964ae964d0 flushing  nmethod 0x000001963614f210
Event: 36.994 Thread 0x000001964ae964d0 flushing  nmethod 0x0000019636327110
Event: 36.994 Thread 0x000001964ae964d0 flushing  nmethod 0x000001963638b890
Event: 36.994 Thread 0x000001964ae964d0 flushing  nmethod 0x000001963663eb10
Event: 36.994 Thread 0x000001964ae964d0 flushing  nmethod 0x00000196366ba610
Event: 36.994 Thread 0x000001964ae964d0 flushing  nmethod 0x00000196366bb890
Event: 36.994 Thread 0x000001964ae964d0 flushing  nmethod 0x0000019636811010
Event: 36.994 Thread 0x000001964ae964d0 flushing  nmethod 0x0000019636861f90
Event: 36.994 Thread 0x000001964ae964d0 flushing  nmethod 0x000001963686d990
Event: 36.994 Thread 0x000001964ae964d0 flushing  nmethod 0x000001963686dd90
Event: 36.994 Thread 0x000001964ae964d0 flushing  nmethod 0x000001963692a510
Event: 36.994 Thread 0x000001964ae964d0 flushing  nmethod 0x0000019636b92590

Events (20 events):
Event: 37.852 Thread 0x00000196513d73b0 Thread added: 0x0000019656618de0
Event: 37.852 Thread 0x00000196513d73b0 Thread added: 0x000001965661f6e0
Event: 37.853 Thread 0x00000196513d73b0 Thread added: 0x000001965661fd70
Event: 37.853 Thread 0x00000196513d73b0 Thread added: 0x000001965661e330
Event: 37.853 Thread 0x00000196513d73b0 Thread added: 0x000001965661e9c0
Event: 37.853 Thread 0x00000196513d73b0 Thread added: 0x000001965661f050
Event: 37.853 Thread 0x00000196513d73b0 Thread added: 0x000001965661c8f0
Event: 38.071 Thread 0x00000196513d73b0 Thread added: 0x0000019656620400
Event: 38.074 Thread 0x00000196513d73b0 Thread added: 0x000001965661cf80
Event: 38.077 Thread 0x00000196513d73b0 Thread added: 0x000001965661d610
Event: 38.080 Thread 0x00000196513d73b0 Thread added: 0x000001965661dca0
Event: 38.082 Thread 0x00000196513d73b0 Thread added: 0x000001965671dd90
Event: 38.085 Thread 0x00000196513d73b0 Thread added: 0x00000196567218a0
Event: 38.088 Thread 0x00000196513d73b0 Thread added: 0x0000019656720b80
Event: 38.091 Thread 0x00000196513d73b0 Thread added: 0x000001965671eab0
Event: 38.095 Thread 0x00000196513d73b0 Thread added: 0x00000196567204f0
Event: 38.102 Thread 0x00000196513d73b0 Thread added: 0x0000019656721210
Event: 38.108 Thread 0x00000196513d73b0 Thread added: 0x000001965671f140
Event: 38.128 Thread 0x000001964b01cd60 Thread added: 0x0000019653e3c9f0
Event: 38.136 Thread 0x000001964b01cd60 Thread added: 0x0000019653e3d790


Dynamic libraries:
0x00007ff734030000 - 0x00007ff73403a000 	C:\Program Files\Android\Android Studio\jbr\bin\java.exe
0x00007ff9a57c0000 - 0x00007ff9a5a27000 	C:\WINDOWS\SYSTEM32\ntdll.dll
0x00007ff9a4400000 - 0x00007ff9a44c9000 	C:\WINDOWS\System32\KERNEL32.DLL
0x00007ff9a21d0000 - 0x00007ff9a25c1000 	C:\WINDOWS\System32\KERNELBASE.dll
0x00007ff9a3320000 - 0x00007ff9a346b000 	C:\WINDOWS\System32\ucrtbase.dll
0x00007ff976180000 - 0x00007ff97619b000 	C:\Program Files\Android\Android Studio\jbr\bin\VCRUNTIME140.dll
0x00007ff9839e0000 - 0x00007ff9839f8000 	C:\Program Files\Android\Android Studio\jbr\bin\jli.dll
0x00007ff9a4e70000 - 0x00007ff9a5035000 	C:\WINDOWS\System32\USER32.dll
0x00007ff9a3530000 - 0x00007ff9a3557000 	C:\WINDOWS\System32\win32u.dll
0x00007ff9a12a0000 - 0x00007ff9a1533000 	C:\WINDOWS\WinSxS\amd64_microsoft.windows.common-controls_6595b64144ccf1df_6.0.26100.8037_none_3e092faae333b53b\COMCTL32.dll
0x00007ff9a4070000 - 0x00007ff9a409b000 	C:\WINDOWS\System32\GDI32.dll
0x00007ff9a5050000 - 0x00007ff9a50f9000 	C:\WINDOWS\System32\msvcrt.dll
0x00007ff9a20a0000 - 0x00007ff9a21cb000 	C:\WINDOWS\System32\gdi32full.dll
0x00007ff9a2750000 - 0x00007ff9a27f3000 	C:\WINDOWS\System32\msvcp_win.dll
0x00007ff9a43c0000 - 0x00007ff9a43f1000 	C:\WINDOWS\System32\IMM32.DLL
0x00007ff9930b0000 - 0x00007ff9930bc000 	C:\Program Files\Android\Android Studio\jbr\bin\vcruntime140_1.dll
0x00007ff946900000 - 0x00007ff94698d000 	C:\Program Files\Android\Android Studio\jbr\bin\msvcp140.dll
0x00007ff8e9c30000 - 0x00007ff8ea8ba000 	C:\Program Files\Android\Android Studio\jbr\bin\server\jvm.dll
0x00007ff9a40a0000 - 0x00007ff9a415b000 	C:\WINDOWS\System32\ADVAPI32.dll
0x00007ff9a3560000 - 0x00007ff9a3607000 	C:\WINDOWS\System32\sechost.dll
0x00007ff9a3970000 - 0x00007ff9a3a88000 	C:\WINDOWS\System32\RPCRT4.dll
0x00007ff9a4160000 - 0x00007ff9a41d4000 	C:\WINDOWS\System32\WS2_32.dll
0x00007ff9a1e50000 - 0x00007ff9a1eae000 	C:\WINDOWS\SYSTEM32\POWRPROF.dll
0x00007ff99a370000 - 0x00007ff99a3a5000 	C:\WINDOWS\SYSTEM32\WINMM.dll
0x00007ff99b620000 - 0x00007ff99b62b000 	C:\WINDOWS\SYSTEM32\VERSION.dll
0x00007ff9a1e30000 - 0x00007ff9a1e44000 	C:\WINDOWS\SYSTEM32\UMPDC.dll
0x00007ff9a04a0000 - 0x00007ff9a04bb000 	C:\WINDOWS\SYSTEM32\kernel.appcore.dll
0x00007ff988160000 - 0x00007ff98816a000 	C:\Program Files\Android\Android Studio\jbr\bin\jimage.dll
0x00007ff9a1850000 - 0x00007ff9a1a92000 	C:\WINDOWS\SYSTEM32\DBGHELP.DLL
0x00007ff9a3a90000 - 0x00007ff9a3e12000 	C:\WINDOWS\System32\combase.dll
0x00007ff9a41e0000 - 0x00007ff9a42b7000 	C:\WINDOWS\System32\OLEAUT32.dll
0x00007ff9a1740000 - 0x00007ff9a177b000 	C:\WINDOWS\SYSTEM32\dbgcore.DLL
0x00007ff9a3270000 - 0x00007ff9a3315000 	C:\WINDOWS\System32\bcryptPrimitives.dll
0x00007ff978a40000 - 0x00007ff978a4e000 	C:\Program Files\Android\Android Studio\jbr\bin\instrument.dll
0x00007ff975c20000 - 0x00007ff975c40000 	C:\Program Files\Android\Android Studio\jbr\bin\java.dll
0x00007ff975c00000 - 0x00007ff975c18000 	C:\Program Files\Android\Android Studio\jbr\bin\zip.dll
0x00007ff9a4560000 - 0x00007ff9a4cbf000 	C:\WINDOWS\System32\SHELL32.dll
0x00007ff9a3100000 - 0x00007ff9a326a000 	C:\WINDOWS\System32\wintypes.dll
0x00007ff9a2800000 - 0x00007ff9a3064000 	C:\WINDOWS\System32\windows.storage.dll
0x00007ff9a42c0000 - 0x00007ff9a43b7000 	C:\WINDOWS\System32\SHCORE.dll
0x00007ff9a3720000 - 0x00007ff9a3787000 	C:\WINDOWS\System32\shlwapi.dll
0x00007ff9a1fc0000 - 0x00007ff9a1fe9000 	C:\WINDOWS\SYSTEM32\profapi.dll
0x00007ff9811d0000 - 0x00007ff9811e0000 	C:\Program Files\Android\Android Studio\jbr\bin\net.dll
0x00007ff99a870000 - 0x00007ff99a997000 	C:\WINDOWS\SYSTEM32\WINHTTP.dll
0x00007ff9a0aa0000 - 0x00007ff9a0b0b000 	C:\WINDOWS\system32\mswsock.dll
0x00007ff975be0000 - 0x00007ff975bf6000 	C:\Program Files\Android\Android Studio\jbr\bin\nio.dll
0x00007ff979150000 - 0x00007ff979160000 	C:\Program Files\Android\Android Studio\jbr\bin\verify.dll
0x00007ff974e80000 - 0x00007ff974ea7000 	C:\Users\niko_\.gradle\native\c067742578af261105cb4f569cf0c3c89f3d7b1fecec35dd04571415982c5e48\windows-amd64\native-platform.dll
0x00007ff90bf50000 - 0x00007ff90c094000 	C:\Users\niko_\.gradle\native\100fb08df4bc3b14c8652ba06237920a3bd2aa13389f12d3474272988ae205f9\windows-amd64\native-platform-file-events.dll
0x00007ff980d00000 - 0x00007ff980d09000 	C:\Program Files\Android\Android Studio\jbr\bin\management.dll
0x00007ff980220000 - 0x00007ff98022b000 	C:\Program Files\Android\Android Studio\jbr\bin\management_ext.dll
0x00007ff9a5040000 - 0x00007ff9a5048000 	C:\WINDOWS\System32\PSAPI.DLL
0x00007ff9a1bc0000 - 0x00007ff9a1bdb000 	C:\WINDOWS\SYSTEM32\CRYPTSP.dll
0x00007ff9a07e0000 - 0x00007ff9a0819000 	C:\WINDOWS\system32\rsaenh.dll
0x00007ff9a0b50000 - 0x00007ff9a0b82000 	C:\WINDOWS\SYSTEM32\USERENV.dll
0x00007ff9a1f90000 - 0x00007ff9a1fba000 	C:\WINDOWS\SYSTEM32\bcrypt.dll
0x00007ff9a10a0000 - 0x00007ff9a10ac000 	C:\WINDOWS\SYSTEM32\CRYPTBASE.dll
0x00007ff99ff10000 - 0x00007ff99ff43000 	C:\WINDOWS\SYSTEM32\IPHLPAPI.DLL
0x00007ff9a36d0000 - 0x00007ff9a36da000 	C:\WINDOWS\System32\NSI.dll
0x00007ff980ff0000 - 0x00007ff980ff9000 	C:\Program Files\Android\Android Studio\jbr\bin\extnet.dll
0x00007ff98cac0000 - 0x00007ff98cac8000 	C:\WINDOWS\system32\wshunix.dll
0x00007ff9a0000000 - 0x00007ff9a012a000 	C:\WINDOWS\SYSTEM32\DNSAPI.dll
0x00007ff997890000 - 0x00007ff99789b000 	C:\Windows\System32\rasadhlp.dll
0x00007ff9979e0000 - 0x00007ff997a66000 	C:\WINDOWS\System32\fwpuclnt.dll

dbghelp: loaded successfully - version: 4.0.5 - missing functions: none
symbol engine: initialized successfully - sym options: 0x614 - pdb path: .;C:\Program Files\Android\Android Studio\jbr\bin;C:\WINDOWS\SYSTEM32;C:\WINDOWS\WinSxS\amd64_microsoft.windows.common-controls_6595b64144ccf1df_6.0.26100.8037_none_3e092faae333b53b;C:\Program Files\Android\Android Studio\jbr\bin\server;C:\Users\niko_\.gradle\native\c067742578af261105cb4f569cf0c3c89f3d7b1fecec35dd04571415982c5e48\windows-amd64;C:\Users\niko_\.gradle\native\100fb08df4bc3b14c8652ba06237920a3bd2aa13389f12d3474272988ae205f9\windows-amd64

VM Arguments:
jvm_args: --add-opens=java.base/java.util=ALL-UNNAMED --add-opens=java.base/java.lang=ALL-UNNAMED --add-opens=java.base/java.lang.invoke=ALL-UNNAMED --add-opens=java.prefs/java.util.prefs=ALL-UNNAMED --add-exports=jdk.compiler/com.sun.tools.javac.api=ALL-UNNAMED --add-exports=jdk.compiler/com.sun.tools.javac.util=ALL-UNNAMED --add-opens=java.base/java.nio.charset=ALL-UNNAMED --add-opens=java.base/java.net=ALL-UNNAMED --add-opens=java.base/java.util.concurrent.atomic=ALL-UNNAMED -Xmx2048m -Dfile.encoding=UTF-8 -Duser.country=FR -Duser.language=fr -Duser.variant -javaagent:C:\Users\niko_\.gradle\wrapper\dists\gradle-8.10.2-bin\a04bxjujx95o3nb99gddekhwo\gradle-8.10.2\lib\agents\gradle-instrumentation-agent-8.10.2.jar 
java_command: org.gradle.launcher.daemon.bootstrap.GradleDaemon 8.10.2
java_class_path (initial): C:\Users\niko_\.gradle\wrapper\dists\gradle-8.10.2-bin\a04bxjujx95o3nb99gddekhwo\gradle-8.10.2\lib\gradle-daemon-main-8.10.2.jar
Launcher Type: SUN_STANDARD

[Global flags]
     intx CICompilerCount                          = 4                                         {product} {ergonomic}
     uint ConcGCThreads                            = 3                                         {product} {ergonomic}
     uint G1ConcRefinementThreads                  = 10                                        {product} {ergonomic}
   size_t G1HeapRegionSize                         = 1048576                                   {product} {ergonomic}
    uintx GCDrainStackTargetSize                   = 64                                        {product} {ergonomic}
   size_t InitialHeapSize                          = 327155712                                 {product} {ergonomic}
   size_t MarkStackSize                            = 4194304                                   {product} {ergonomic}
   size_t MaxHeapSize                              = 2147483648                                {product} {command line}
   size_t MaxNewSize                               = 1287651328                                {product} {ergonomic}
   size_t MinHeapDeltaBytes                        = 1048576                                   {product} {ergonomic}
   size_t MinHeapSize                              = 8388608                                   {product} {ergonomic}
    uintx NonNMethodCodeHeapSize                   = 5839372                                {pd product} {ergonomic}
    uintx NonProfiledCodeHeapSize                  = 122909434                              {pd product} {ergonomic}
    uintx ProfiledCodeHeapSize                     = 122909434                              {pd product} {ergonomic}
    uintx ReservedCodeCacheSize                    = 251658240                              {pd product} {ergonomic}
     bool SegmentedCodeCache                       = true                                      {product} {ergonomic}
   size_t SoftMaxHeapSize                          = 2147483648                             {manageable} {ergonomic}
     bool UseCompressedOops                        = true                           {product lp64_product} {ergonomic}
     bool UseG1GC                                  = true                                      {product} {ergonomic}
     bool UseLargePagesIndividualAllocation        = false                                  {pd product} {ergonomic}

Logging:
Log output configuration:
 #0: stdout all=warning uptime,level,tags foldmultilines=false
 #1: stderr all=off uptime,level,tags foldmultilines=false

Environment Variables:
JAVA_HOME=%JAVA_HOME%\bin
PATH=C:\Program Files\Meta Horizon\Support\oculus-runtime;C:\WINDOWS\system32;C:\WINDOWS;C:\WINDOWS\System32\Wbem;C:\WINDOWS\System32\WindowsPowerShell\v1.0\;C:\WINDOWS\System32\OpenSSH\;C:\Program Files\dotnet\;C:\Program Files\Git\cmd;%JAVA_HOME%\bin\bin\bin\bin\bin\bin;C:\Program Files\PuTTY\;C:\users\niko_\AppData\Local\Programs\Python\Python313\Scripts\;C:\users\niko_\AppData\Local\Programs\Python\Python313\;C:\ProgramData\chocolatey\bin;C:\mpg123\mpg123.exe;C:\Program Files (x86)\NVIDIA Corporation\PhysX\Common;C:\Users\nikodindon\AppData\Local\Programs\Ollama;C:\Program Files\nodejs\;C:\Program Files\Tailscale\;C:\Program Files\Docker\Docker\resources\bin;C:\Program Files\Microsoft SQL Server\170\Tools\Binn\;C:\Program Files\Microsoft SQL Server\Client SDK\ODBC\170\Tools\Binn\;C:\Program Files\CMake\bin;C:\Users\niko_\miniconda3;C:\Users\niko_\miniconda3\Library\mingw-w64\bin;C:\Users\niko_\miniconda3\Library\usr\bin;C:\Users\niko_\miniconda3\Library\bin;C:\Users\niko_\miniconda3\Scripts;C:\Users\niko_\AppData\Local\Programs\Python\Launcher\;C:\Users\niko_\AppData\Local\Microsoft\WindowsApps;C:\Users\niko_\AppData\Local\Programs\cursor\resources\app\bin;C:\users\niko_\AppData\Local\Programs\Python\Python313\;C:\users\niko_\AppData\Local\Programs\Python\Python313\Scripts\;C:\Users\niko_\AppData\Local\Microsoft\WinGet\Packages\Gyan.FFmpeg_Microsoft.Winget.Source_8wekyb3d8bbwe\ffmpeg-7.1.1-full_build\bin;C:\mpg123\mpg123.exe;C:\Users\niko_\.lmstudio\bin;C:\Users\niko_\AppData\Roaming\npm;C:\Users\niko_\AppData\Local\Programs\Ollama;C:\Users\niko_\.local\bin;c:\llama.cpp\;C:\Users\niko_\AppData\Roaming\Python\Python313\site-packages\;
USERNAME=niko_
OS=Windows_NT
PROCESSOR_IDENTIFIER=AMD64 Family 23 Model 104 Stepping 1, AuthenticAMD
TMP=C:\Users\niko_\AppData\Local\Temp
TEMP=C:\Users\niko_\AppData\Local\Temp




Periodic native trim disabled

JNI global refs:
JNI global refs: 31, weak refs: 14

JNI global refs memory usage: 835, weak refs: 833

Process memory usage:
Resident Set Size: 612552K (3% of 20325788K total physical memory with 1191512K free physical memory)

OOME stack traces (most recent first):
Classloader memory used:
Loader org.gradle.internal.classloader.VisitableURLClassLoader                         : 97254K
Loader bootstrap                                                                       : 29627K
Loader org.gradle.initialization.MixInLegacyTypesClassLoader                           : 12292K
Loader jdk.internal.loader.ClassLoaders$AppClassLoader                                 : 7600K
Loader jdk.internal.loader.ClassLoaders$PlatformClassLoader                            : 1019K
Loader org.gradle.internal.classloader.VisitableURLClassLoader                         : 857K
Loader org.gradle.internal.classloader.VisitableURLClassLoader$InstrumentingVisitableURLClassLoader: 706K
Loader jdk.internal.jrtfs.JrtFileSystemProvider$JrtFsLoader                            : 338K
Loader jdk.internal.reflect.DelegatingClassLoader                                      : 200K
Loader org.gradle.groovy.scripts.internal.DefaultScriptCompilationHandler$ScriptClassLoader: 89176B
Loader org.codehaus.groovy.runtime.callsite.CallSiteClassLoader                        : 49592B

Classes loaded by more than one classloader:
Class org.gradle.api.GradleException                                                  : loaded 3 times (x 78B)
Class Program                                                                         : loaded 3 times (x 68B)
Class org.gradle.internal.classloader.ClassLoaderHierarchy                            : loaded 2 times (x 66B)
Class org.gradle.api.internal.classpath.ManifestUtil                                  : loaded 2 times (x 67B)
Class org.jetbrains.plugins.gradle.model.GradleExtensions                             : loaded 2 times (x 66B)
Class org.jetbrains.plugins.gradle.model.AnnotationProcessingModel                    : loaded 2 times (x 66B)
Class jdk.internal.jimage.decompressor.StringSharingDecompressorFactory               : loaded 2 times (x 70B)
Class org.gradle.internal.operations.MultipleBuildOperationFailures                   : loaded 2 times (x 91B)
Class org.jetbrains.kotlin.idea.gradleTooling.model.noarg.NoArgModel                  : loaded 2 times (x 66B)
Class org.gradle.internal.classloader.DefaultClassLoaderFactory                       : loaded 2 times (x 78B)
Class kotlin.collections.AbstractList$Companion                                       : loaded 2 times (x 67B)
Class org.gradle.internal.classloader.ClassLoaderVisitor                              : loaded 2 times (x 72B)
Class org.gradle.api.internal.classpath.EffectiveClassPath                            : loaded 2 times (x 86B)
Class org.gradle.tooling.internal.gradle.DefaultProjectIdentifier                     : loaded 2 times (x 82B)
Class org.jetbrains.kotlin.idea.gradleTooling.model.allopen.AllOpenModel              : loaded 2 times (x 66B)
Class org.gradle.api.internal.DefaultClassPathProvider                                : loaded 2 times (x 72B)
Class [Lorg.gradle.api.internal.ClassPathProvider;                                    : loaded 2 times (x 65B)
Class org.gradle.api.internal.ClassPathProvider                                       : loaded 2 times (x 66B)
Class jdk.internal.jrtfs.SystemImage                                                  : loaded 2 times (x 70B)
Class org.gradle.internal.service.UnknownServiceException                             : loaded 2 times (x 79B)
Class org.jetbrains.kotlin.idea.gradleTooling.KotlinDslScriptAdditionalTask           : loaded 2 times (x 66B)
Class jdk.internal.jimage.ImageReader$LinkNode                                        : loaded 2 times (x 80B)
Class org.gradle.internal.classpath.TransformedClassPath                              : loaded 2 times (x 92B)
Class org.gradle.internal.classloader.InstrumentingClassLoader                        : loaded 2 times (x 66B)
Class jdk.internal.jrtfs.SystemImage$1                                                : loaded 2 times (x 74B)
Class kotlin.enums.EnumEntriesList                                                    : loaded 2 times (x 219B)
Class jdk.internal.jrtfs.SystemImage$2                                                : loaded 2 times (x 72B)
Class org.jetbrains.plugins.gradle.model.IntelliJSettings                             : loaded 2 times (x 66B)
Class jdk.internal.jimage.BasicImageReader                                            : loaded 2 times (x 91B)
Class org.gradle.internal.service.ServiceLocator                                      : loaded 2 times (x 66B)
Class jdk.internal.jrtfs.JrtFileSystemProvider                                        : loaded 2 times (x 97B)
Class org.jetbrains.kotlin.android.synthetic.idea.AndroidExtensionsGradleModel        : loaded 2 times (x 66B)
Class org.gradle.tooling.model.UnsupportedMethodException                             : loaded 2 times (x 78B)
Class jdk.internal.jimage.ImageLocation                                               : loaded 2 times (x 86B)
Class jdk.internal.jrtfs.JrtDirectoryStream$1                                         : loaded 2 times (x 79B)
Class ijInit1_ce9cld73bjgij5zwdytfq8dw5                                               : loaded 2 times (x 175B)
Class org.gradle.internal.InternalTransformer                                         : loaded 2 times (x 66B)
Class jdk.internal.jimage.ImageBufferCache$1                                          : loaded 2 times (x 79B)
Class org.gradle.internal.time.DefaultTimer                                           : loaded 2 times (x 76B)
Class org.gradle.internal.classloader.ClasspathUtil$1                                 : loaded 2 times (x 72B)
Class jdk.internal.jimage.ImageBufferCache$2                                          : loaded 2 times (x 87B)
Class org.gradle.api.internal.classpath.DefaultModuleRegistry$DefaultModule           : loaded 2 times (x 82B)
Class org.jetbrains.kotlin.idea.gradleTooling.model.lombok.LombokModel                : loaded 2 times (x 66B)
Class org.gradle.internal.time.DefaultCountdownTimer                                  : loaded 2 times (x 84B)
Class org.gradle.tooling.internal.gradle.DefaultBuildIdentifier                       : loaded 2 times (x 75B)
Class kotlin.Function                                                                 : loaded 2 times (x 66B)
Class org.gradle.api.internal.classpath.Module                                        : loaded 2 times (x 66B)
Class org.gradle.api.internal.classpath.UnknownModuleException                        : loaded 2 times (x 78B)
Class jdk.internal.jimage.ImageHeader                                                 : loaded 2 times (x 67B)
Class com.intellij.openapi.externalSystem.model.project.dependencies.ProjectDependencies: loaded 2 times (x 66B)
Class org.gradle.tooling.internal.gradle.GradleProjectIdentity                        : loaded 2 times (x 66B)
Class org.gradle.api.internal.DefaultClassPathRegistry                                : loaded 2 times (x 72B)
Class org.gradle.api.internal.ClassPathRegistry                                       : loaded 2 times (x 66B)
Class org.gradle.internal.classpath.DefaultClassPath$ImmutableUniqueList              : loaded 2 times (x 195B)
Class jdk.internal.jimage.decompressor.ResourceDecompressor                           : loaded 2 times (x 66B)
Class org.jetbrains.kotlin.idea.gradleTooling.KotlinSourceSetContainer                : loaded 2 times (x 66B)
Class Settings_gradle$1                                                               : loaded 2 times (x 71B)
Class org.gradle.internal.classpath.ClassPath                                         : loaded 2 times (x 66B)
Class org.gradle.api.UncheckedIOException                                             : loaded 2 times (x 78B)
Class org.jetbrains.kotlin.idea.gradleTooling.KotlinGradleModel                       : loaded 2 times (x 66B)
Class jdk.internal.jimage.ImageStringsReader                                          : loaded 2 times (x 76B)
Class org.gradle.tooling.model.Model                                                  : loaded 2 times (x 66B)
Class kotlin.UninitializedPropertyAccessException                                     : loaded 2 times (x 78B)
Class jdk.internal.jimage.ImageReader                                                 : loaded 2 times (x 71B)
Class org.jetbrains.plugins.gradle.model.IntelliJProjectSettings                      : loaded 2 times (x 66B)
Class org.jetbrains.kotlin.idea.gradleTooling.model.annotation.AnnotationBasedPluginModel: loaded 2 times (x 66B)
Class jdk.internal.jimage.ImageReader$SharedImageReader                               : loaded 2 times (x 91B)
Class org.gradle.internal.installation.GradleInstallation$1                           : loaded 2 times (x 71B)
Class org.gradle.api.internal.classpath.ModuleRegistry                                : loaded 2 times (x 66B)
Class jdk.internal.jimage.decompressor.ResourceDecompressorFactory                    : loaded 2 times (x 70B)
Class org.jetbrains.plugins.gradle.model.VersionCatalogsModel                         : loaded 2 times (x 66B)
Class jdk.internal.jimage.ImageReader$Node                                            : loaded 2 times (x 80B)
Class org.gradle.api.internal.classpath.DefaultModuleRegistry                         : loaded 2 times (x 82B)
Class jdk.internal.jimage.BasicImageReader$1                                          : loaded 2 times (x 73B)
Class jdk.internal.jimage.decompressor.Decompressor                                   : loaded 2 times (x 68B)
Class jdk.internal.jimage.ImageReader$Resource                                        : loaded 2 times (x 80B)
Class org.gradle.internal.time.MonotonicClock                                         : loaded 2 times (x 73B)
Class org.gradle.internal.service.ServiceLookupException                              : loaded 2 times (x 78B)
Class jdk.internal.jrtfs.JrtFileAttributes                                            : loaded 2 times (x 79B)
Class org.gradle.internal.classloader.ClassLoaderFactory                              : loaded 2 times (x 66B)
Class org.gradle.internal.service.CachingServiceLocator                               : loaded 2 times (x 78B)
Class org.jetbrains.plugins.gradle.model.RepositoryModels                             : loaded 2 times (x 66B)
Class org.gradle.internal.time.TimeSource                                             : loaded 2 times (x 66B)
Class org.gradle.tooling.internal.gradle.GradleBuildIdentity                          : loaded 2 times (x 66B)
Class kotlin.enums.EnumEntries                                                        : loaded 2 times (x 66B)
Class org.gradle.internal.exceptions.ResolutionProvider                               : loaded 2 times (x 66B)
Class jdk.internal.jimage.ImageBufferCache                                            : loaded 2 times (x 67B)
Class jdk.internal.jrtfs.JrtPath                                                      : loaded 2 times (x 114B)
Class org.gradle.tooling.model.ProjectIdentifier                                      : loaded 2 times (x 66B)
Class org.gradle.internal.classloader.ClasspathUtil                                   : loaded 2 times (x 67B)
Class org.gradle.internal.time.TimeSource$1                                           : loaded 2 times (x 73B)
Class kotlin.jvm.internal.DefaultConstructorMarker                                    : loaded 2 times (x 67B)
Class org.gradle.api.specs.Spec                                                       : loaded 2 times (x 66B)
Class jdk.internal.jimage.ImageReader$SharedImageReader$LocationVisitor               : loaded 2 times (x 66B)
Class jdk.internal.jimage.decompressor.ResourceDecompressorRepository                 : loaded 2 times (x 67B)
Class org.gradle.internal.time.Clock                                                  : loaded 2 times (x 66B)
Class jdk.internal.jimage.ImageReader$Directory                                       : loaded 2 times (x 80B)
Class org.jetbrains.plugins.gradle.model.jar.JarTaskManifestConfiguration             : loaded 2 times (x 66B)
Class sync_studio_tooling_9z6ffsj09bucc4kq51mfmbrg9                                   : loaded 2 times (x 175B)
Class kotlin.collections.AbstractList                                                 : loaded 2 times (x 193B)
Class kotlin.collections.AbstractCollection                                           : loaded 2 times (x 113B)
Class org.gradle.internal.classloader.VisitableURLClassLoader$InstrumentingVisitableURLClassLoader: loaded 2 times (x 119B)
Class org.gradle.internal.classloader.VisitableURLClassLoader$Spec                    : loaded 2 times (x 70B)
Class org.gradle.internal.classpath.DefaultClassPath                                  : loaded 2 times (x 86B)
Class jdk.internal.jimage.decompressor.ZipDecompressorFactory                         : loaded 2 times (x 70B)
Class org.gradle.internal.classloader.ClassLoaderSpec                                 : loaded 2 times (x 67B)
Class Settings_gradle$1$1                                                             : loaded 2 times (x 71B)
Class org.gradle.internal.classloader.VisitableURLClassLoader                         : loaded 2 times (x 113B)
Class Settings_gradle                                                                 : loaded 2 times (x 124B)
Class org.gradle.internal.Cast                                                        : loaded 2 times (x 67B)
Class org.gradle.api.Action                                                           : loaded 2 times (x 66B)
Class jdk.internal.jimage.decompressor.ZipDecompressor                                : loaded 2 times (x 71B)
Class kotlin.jvm.functions.Function1                                                  : loaded 2 times (x 66B)
Class org.gradle.internal.classpath.DefaultClassPath$ImmutableUniqueList$Builder      : loaded 2 times (x 71B)
Class org.jetbrains.kotlin.idea.gradleTooling.model.samWithReceiver.SamWithReceiverModel: loaded 2 times (x 66B)
Class org.gradle.internal.classloader.FilteringClassLoader                            : loaded 2 times (x 101B)
Class org.gradle.internal.exceptions.NonGradleCauseExceptionsHolder                   : loaded 2 times (x 66B)
Class jdk.internal.jimage.ImageStrings                                                : loaded 2 times (x 66B)
Class org.jetbrains.kotlin.idea.gradleTooling.model.assignment.AssignmentModel        : loaded 2 times (x 66B)
Class kotlin.enums.EnumEntriesKt                                                      : loaded 2 times (x 67B)
Class org.gradle.internal.IoActions                                                   : loaded 2 times (x 67B)
Class org.gradle.internal.classloader.SystemClassLoaderSpec                           : loaded 2 times (x 67B)
Class org.gradle.internal.exceptions.MultiCauseException                              : loaded 2 times (x 66B)
Class org.gradle.internal.time.CountdownTimer                                         : loaded 2 times (x 66B)
Class kotlin.jvm.internal.Intrinsics                                                  : loaded 2 times (x 67B)
Class jdk.internal.jrtfs.JrtFileSystem                                                : loaded 2 times (x 98B)
Class org.jetbrains.kotlin.idea.gradleTooling.model.parcelize.ParcelizeGradleModel    : loaded 2 times (x 66B)
Class org.gradle.tooling.model.ProjectModel                                           : loaded 2 times (x 66B)
Class jdk.internal.jimage.decompressor.CompressedResourceHeader                       : loaded 2 times (x 67B)
Class kotlin.KotlinNullPointerException                                               : loaded 2 times (x 79B)
Class org.jetbrains.plugins.gradle.model.tests.ExternalTestsModel                     : loaded 2 times (x 66B)
Class org.gradle.internal.exceptions.DefaultMultiCauseException                       : loaded 2 times (x 91B)
Class org.gradle.internal.time.Time                                                   : loaded 2 times (x 67B)
Class org.jetbrains.plugins.gradle.model.DependencyAccessorsModel                     : loaded 2 times (x 66B)
Class org.gradle.api.internal.classpath.GlobalCacheRootsProvider                      : loaded 2 times (x 66B)
Class org.jetbrains.kotlin.idea.gradleTooling.KotlinMPPGradleModel                    : loaded 2 times (x 66B)
Class org.gradle.tooling.model.BuildIdentifier                                        : loaded 2 times (x 66B)
Class Settings_gradle$1$1$1                                                           : loaded 2 times (x 71B)
Class org.jetbrains.kotlin.idea.gradleTooling.PrepareKotlinIdeImportTaskModel         : loaded 2 times (x 66B)
Class org.gradle.internal.time.Timer                                                  : loaded 2 times (x 66B)
Class kotlin.jvm.internal.markers.KMappedMarker                                       : loaded 2 times (x 66B)
Class org.gradle.internal.installation.CurrentGradleInstallationLocator               : loaded 2 times (x 67B)
Class org.gradle.internal.service.DefaultServiceLocator                               : loaded 2 times (x 79B)
Class jdk.internal.jrtfs.JrtDirectoryStream                                           : loaded 2 times (x 85B)
Class org.gradle.util.GradleVersion                                                   : loaded 2 times (x 79B)
Class org.gradle.internal.installation.CurrentGradleInstallation                      : loaded 2 times (x 69B)
Class org.gradle.util.internal.GUtil                                                  : loaded 2 times (x 67B)
Class org.gradle.internal.installation.GradleInstallation                             : loaded 2 times (x 71B)
Class jdk.internal.jimage.decompressor.ResourceDecompressor$StringsProvider           : loaded 2 times (x 66B)

---------------  S Y S T E M  ---------------

OS:
 Windows 11 , 64 bit Build 26100 (10.0.26100.7920)
OS uptime: 4 days 3:57 hours
Hyper-V role detected

CPU: total 12 (initial active 12) (12 cores per cpu, 2 threads per core) family 23 model 104 stepping 1 microcode 0x8608104, cx8, cmov, fxsr, ht, mmx, 3dnowpref, sse, sse2, sse3, ssse3, sse4a, sse4.1, sse4.2, popcnt, lzcnt, tsc, tscinvbit, avx, avx2, aes, clmul, bmi1, bmi2, adx, sha, fma, vzeroupper, clflush, clflushopt, hv, rdtscp, rdpid, f16c
Processor Information for processor 0
  Max Mhz: 2100, Current Mhz: 1813, Mhz Limit: 2100
Processor Information for processor 1
  Max Mhz: 2100, Current Mhz: 1813, Mhz Limit: 2100
Processor Information for processor 2
  Max Mhz: 2100, Current Mhz: 1893, Mhz Limit: 2100
Processor Information for processor 3
  Max Mhz: 2100, Current Mhz: 1813, Mhz Limit: 2100
Processor Information for processor 4
  Max Mhz: 2100, Current Mhz: 1813, Mhz Limit: 2100
Processor Information for processor 5
  Max Mhz: 2100, Current Mhz: 1813, Mhz Limit: 2100
Processor Information for processor 6
  Max Mhz: 2100, Current Mhz: 1813, Mhz Limit: 2100
Processor Information for processor 7
  Max Mhz: 2100, Current Mhz: 1813, Mhz Limit: 2100
Processor Information for processor 8
  Max Mhz: 2100, Current Mhz: 1893, Mhz Limit: 2100
Processor Information for processor 9
  Max Mhz: 2100, Current Mhz: 1813, Mhz Limit: 2100
Processor Information for processor 10
  Max Mhz: 2100, Current Mhz: 1813, Mhz Limit: 2100
Processor Information for processor 11
  Max Mhz: 2100, Current Mhz: 1813, Mhz Limit: 2100

Memory: 4k page, system-wide physical 19849M (1130M free)
TotalPageFile size 36233M (AvailPageFile size 26M)
current process WorkingSet (physical memory assigned to process): 622M, peak: 622M
current process commit charge ("private bytes"): 694M, peak: 694M

vm_info: OpenJDK 64-Bit Server VM (21.0.5+-12932927-b750.29) for windows-amd64 JRE (21.0.5+-12932927-b750.29), built on 2025-01-17T02:01:10Z by "builder" with MS VC++ 16.10 / 16.11 (VS2019)

END.
